ID,Project,Focus,ScriptName,TestDescription,login,password,devices,device_name,filter,search_text,sku,return_product_num,esrb_rating,on_hand_quantity,condition,availability,is_available,is_searchable,product_limit,excluded_skus,has_release_date,is_online_only_price,is_online_only,is_backorderable,backorder_limit,is_preorderable,preorder_limit,age_check_month,age_check_year,add_to_cart,cc_type,cc_number,exp_month,exp_year,cvv,svs_number,svs_pin,first_name,last_name,shipping_line1,shipping_line2,shipping_city,shipping_county,shipping_state,shipping_zip,shipping_country,shipping_phone,shipping_email,billing_line1,billing_line2,billing_city,billing_county,billing_state,billing_zip,billing_country,billing_phone,billing_email,Endpoints,SVC_ENV,Property,PROP_URL,SqlQuery,Databases,DB_ENV,browser,submit_order,billing_address_same_as_shipping,change_existing_address,add_product_qty,use_paypal_at_cart,use_paypal_at_payment,GC_TYPE,GC_AMNT,GC_QTY,GC_OTHER_AMNT
TFS96871,MGS,Product,%QAAUTOMATION_SCRIPTS%\GameStopRespMobile\spec\UI\mgs_product_details_spec.rb   --browser chrome,Product with Single Platform,,,devices.csv,Apple iPhone 4,,,904113,1,,,,,,,,,,,,,,,,,,FALSE,Visa,4111111111111110,12,2016,121,,,Accept,Tester,625 Westport Pkwy,,Grapevine,,Texas,76051,United States of America,8174242000,robertsantos@gamestop.com,625 Westport Pkwy,,Grapevine,,Texas,76051,United States of America,8174242000,robertsantos@gamestop.com,endpoints.csv,QA_V1,properties.csv,QA_M2,pdp_get_product_by_sku.sql,databases.csv,QA_Catalog,chrome,,,,,,,,,,
TFS96872,MGS,Product,%QAAUTOMATION_SCRIPTS%\GameStopRespMobile\spec\UI\mgs_product_details_spec.rb   --browser chrome,Product with Multiple Platform,,,devices.csv,Apple iPhone 5,,,831787,1,,,,,,,,,,,,,,,,,,FALSE,Visa,4111111111111110,12,2016,121,,,Accept,Tester,625 Westport Pkwy,,Grapevine,,Texas,76051,United States of America,8174242000,robertsantos@gamestop.com,625 Westport Pkwy,,Grapevine,,Texas,76051,United States of America,8174242000,robertsantos@gamestop.com,endpoints.csv,QA_V1,properties.csv,QA_M2,pdp_get_product_by_sku.sql,databases.csv,QA_Catalog,chrome,,,,,,,,,,
TFS96873,MGS,Product,%QAAUTOMATION_SCRIPTS%\GameStopRespMobile\spec\UI\mgs_product_details_spec.rb   --browser chrome,ProductZen With ReleaseDate (future only),,,devices.csv,Apple iPhone 6,,,,1,"EC,E,E10+,T,M,RP",-100,New,PR,1,1,NULL,"85996,85998,85997",TRUE,,,,,,,,,FALSE,Visa,4111111111111110,12,2016,121,,,Accept,Tester,625 Westport Pkwy,,Grapevine,,Texas,76051,United States of America,8174242000,robertsantos@gamestop.com,625 Westport Pkwy,,Grapevine,,Texas,76051,United States of America,8174242000,robertsantos@gamestop.com,endpoints.csv,QA_V1,properties.csv,QA_M2,pdp_get_product.sql,databases.csv,QA_Catalog,chrome,,,,,,,,,,
TFS96874,MGS,Product,%QAAUTOMATION_SCRIPTS%\GameStopRespMobile\spec\UI\mgs_product_details_spec.rb   --browser chrome,ProductZen Without ReleaseDate,,,devices.csv,Samsung Galaxy Note,,,,1,"EC,E,E10+,T,M,RP",1,New,A,1,1,NULL,"85996,85998,85997",FALSE,,,,,,,,,FALSE,Visa,4111111111111110,12,2016,121,,,Accept,Tester,625 Westport Pkwy,,Grapevine,,Texas,76051,United States of America,8174242000,robertsantos@gamestop.com,625 Westport Pkwy,,Grapevine,,Texas,76051,United States of America,8174242000,robertsantos@gamestop.com,endpoints.csv,QA_V1,properties.csv,QA_M2,pdp_get_product.sql,databases.csv,QA_Catalog,chrome,,,,,,,,,,
TFS96875,MGS,Product,%QAAUTOMATION_SCRIPTS%\GameStopRespMobile\spec\UI\mgs_product_details_spec.rb   --browser chrome,ProductZen With Rating and Review,,,devices.csv,Samsung Galaxy Note 3,,,102436,1,,,,,,,,,,,,,,,,,,FALSE,Visa,4111111111111110,12,2016,121,,,Accept,Tester,625 Westport Pkwy,,Grapevine,,Texas,76051,United States of America,8174242000,robertsantos@gamestop.com,625 Westport Pkwy,,Grapevine,,Texas,76051,United States of America,8174242000,robertsantos@gamestop.com,endpoints.csv,QA_V1,properties.csv,QA_M2,pdp_get_product_by_sku.sql,databases.csv,QA_Catalog,chrome,,,,,,,,,,
TFS96876,MGS,Product,%QAAUTOMATION_SCRIPTS%\GameStopRespMobile\spec\UI\mgs_product_details_spec.rb   --browser chrome,Recommendations Tablet,,,devices.csv,Apple iPad 3 / 4,,,102436,1,,,,,,,,,,,,,,,,,,FALSE,Visa,4111111111111110,12,2016,121,,,Accept,Tester,625 Westport Pkwy,,Grapevine,,Texas,76051,United States of America,8174242000,robertsantos@gamestop.com,625 Westport Pkwy,,Grapevine,,Texas,76051,United States of America,8174242000,robertsantos@gamestop.com,endpoints.csv,QA_V1,properties.csv,QA_M2,pdp_get_product_by_sku.sql,databases.csv,QA_Catalog,chrome,,,,,,,,,,
TFS96877,MGS,Product,%QAAUTOMATION_SCRIPTS%\GameStopRespMobile\spec\UI\mgs_product_details_spec.rb   --browser chrome,Detail Image Videos,,,devices.csv,Apple iPhone 4,,,20057,1,,,,,,,,,,,,,,,,,,FALSE,Visa,4111111111111110,12,2016,121,,,Accept,Tester,625 Westport Pkwy,,Grapevine,,Texas,76051,United States of America,8174242000,robertsantos@gamestop.com,625 Westport Pkwy,,Grapevine,,Texas,76051,United States of America,8174242000,robertsantos@gamestop.com,endpoints.csv,QA_V1,properties.csv,QA_M2,pdp_get_product_by_sku.sql,databases.csv,QA_Catalog,chrome,,,,,,,,,,
TFS96878,MGS,Product,%QAAUTOMATION_SCRIPTS%\GameStopRespMobile\spec\UI\mgs_product_details_spec.rb   --browser chrome,ESRB ec,,,devices.csv,Apple iPhone 5,,,,1,EC,1,"New,Used","A,PR",1,1,NULL,"85996,85998,85997",,,,,,,,,,FALSE,Visa,4111111111111110,12,2016,121,,,Accept,Tester,625 Westport Pkwy,,Grapevine,,Texas,76051,United States of America,8174242000,robertsantos@gamestop.com,625 Westport Pkwy,,Grapevine,,Texas,76051,United States of America,8174242000,robertsantos@gamestop.com,endpoints.csv,QA_V1,properties.csv,QA_M2,pdp_get_product.sql,databases.csv,QA_Catalog,chrome,,,,,,,,,,
TFS96879,MGS,Product,%QAAUTOMATION_SCRIPTS%\GameStopRespMobile\spec\UI\mgs_product_details_spec.rb   --browser chrome,ESRB e,,,devices.csv,Apple iPhone 6,,,,1,E,1,"New,Used","A,PR",1,1,NULL,"85996,85998,85997",,,,,,,,,,FALSE,Visa,4111111111111110,12,2016,121,,,Accept,Tester,625 Westport Pkwy,,Grapevine,,Texas,76051,United States of America,8174242000,robertsantos@gamestop.com,625 Westport Pkwy,,Grapevine,,Texas,76051,United States of America,8174242000,robertsantos@gamestop.com,endpoints.csv,QA_V1,properties.csv,QA_M2,pdp_get_product.sql,databases.csv,QA_Catalog,chrome,,,,,,,,,,
TFS96880,MGS,Product,%QAAUTOMATION_SCRIPTS%\GameStopRespMobile\spec\UI\mgs_product_details_spec.rb   --browser chrome,ESRB e10,,,devices.csv,Samsung Galaxy Note,,,,1,E10+,1,"New,Used","A,PR",1,1,NULL,"85996,85998,85997",,,,,,,,,,FALSE,Visa,4111111111111110,12,2016,121,,,Accept,Tester,625 Westport Pkwy,,Grapevine,,Texas,76051,United States of America,8174242000,robertsantos@gamestop.com,625 Westport Pkwy,,Grapevine,,Texas,76051,United States of America,8174242000,robertsantos@gamestop.com,endpoints.csv,QA_V1,properties.csv,QA_M2,pdp_get_product.sql,databases.csv,QA_Catalog,chrome,,,,,,,,,,
TFS96881,MGS,Product,%QAAUTOMATION_SCRIPTS%\GameStopRespMobile\spec\UI\mgs_product_details_spec.rb   --browser chrome,ESRB t,,,devices.csv,Samsung Galaxy Note 3,,,,1,T,1,"New,Used","A,PR",1,1,NULL,"85996,85998,85997",,,,,,,,,,FALSE,Visa,4111111111111110,12,2016,121,,,Accept,Tester,625 Westport Pkwy,,Grapevine,,Texas,76051,United States of America,8174242000,robertsantos@gamestop.com,625 Westport Pkwy,,Grapevine,,Texas,76051,United States of America,8174242000,robertsantos@gamestop.com,endpoints.csv,QA_V1,properties.csv,QA_M2,pdp_get_product.sql,databases.csv,QA_Catalog,chrome,,,,,,,,,,
TFS96882,MGS,Product,%QAAUTOMATION_SCRIPTS%\GameStopRespMobile\spec\UI\mgs_product_details_spec.rb   --browser chrome,ESRB m,,,devices.csv,Samsung Galaxy Note,,,,1,M,1,"New,Used","A,PR",1,1,NULL,"85996,85998,85997",,,,,,,,,,FALSE,Visa,4111111111111110,12,2016,121,,,Accept,Tester,625 Westport Pkwy,,Grapevine,,Texas,76051,United States of America,8174242000,robertsantos@gamestop.com,625 Westport Pkwy,,Grapevine,,Texas,76051,United States of America,8174242000,robertsantos@gamestop.com,endpoints.csv,QA_V1,properties.csv,QA_M2,pdp_get_product.sql,databases.csv,QA_Catalog,chrome,,,,,,,,,,
TFS96883,MGS,Product,%QAAUTOMATION_SCRIPTS%\GameStopRespMobile\spec\UI\mgs_product_details_spec.rb   --browser chrome,ESRB rp,,,devices.csv,Samsung Galaxy Note 3,,,,1,RP,1,"New,Used","A,PR",1,1,NULL,"85996,85998,85997",,,,,,,,,,FALSE,Visa,4111111111111110,12,2016,121,,,Accept,Tester,625 Westport Pkwy,,Grapevine,,Texas,76051,United States of America,8174242000,robertsantos@gamestop.com,625 Westport Pkwy,,Grapevine,,Texas,76051,United States of America,8174242000,robertsantos@gamestop.com,endpoints.csv,QA_V1,properties.csv,QA_M2,pdp_get_product.sql,databases.csv,QA_Catalog,chrome,,,,,,,,,,
TFS96884,MGS,Product,%QAAUTOMATION_SCRIPTS%\GameStopRespMobile\spec\UI\mgs_product_details_spec.rb   --browser chrome,ESRB None,,,devices.csv,Samsung Galaxy Note 2,,,,1,None,1,"New,Used","A,PR",1,1,NULL,"85996,85998,85997",,,,,,,,,,FALSE,Visa,4111111111111110,12,2016,121,,,Accept,Tester,625 Westport Pkwy,,Grapevine,,Texas,76051,United States of America,8174242000,robertsantos@gamestop.com,625 Westport Pkwy,,Grapevine,,Texas,76051,United States of America,8174242000,robertsantos@gamestop.com,endpoints.csv,QA_V1,properties.csv,QA_M2,pdp_get_product.sql,databases.csv,QA_Catalog,chrome,,,,,,,,,,
TFS96885,MGS,Product,%QAAUTOMATION_SCRIPTS%\GameStopRespMobile\spec\UI\mgs_product_details_spec.rb   --browser chrome,PurchaseOptions Condition New,,,devices.csv,LG Optimus G,,,,1,"EC,E,E10,T,M,RP,None",1,New,A,1,1,NULL,"85996,85998,85997",,,,,,,,,,FALSE,Visa,4111111111111110,12,2016,121,,,Accept,Tester,625 Westport Pkwy,,Grapevine,,Texas,76051,United States of America,8174242000,robertsantos@gamestop.com,625 Westport Pkwy,,Grapevine,,Texas,76051,United States of America,8174242000,robertsantos@gamestop.com,endpoints.csv,QA_V1,properties.csv,QA_M2,pdp_get_product.sql,databases.csv,QA_Catalog,chrome,,,,,,,,,,
TFS96886,MGS,Product,%QAAUTOMATION_SCRIPTS%\GameStopRespMobile\spec\UI\mgs_product_details_spec.rb   --browser chrome,PurchaseOptions Condition Used,,,devices.csv,LG Optimus One,,,,1,"EC,E,E10,T,M,RP,None",1,Used,A,1,1,NULL,"85996,85998,85997",,,,,,,,,,FALSE,Visa,4111111111111110,12,2016,121,,,Accept,Tester,625 Westport Pkwy,,Grapevine,,Texas,76051,United States of America,8174242000,robertsantos@gamestop.com,625 Westport Pkwy,,Grapevine,,Texas,76051,United States of America,8174242000,robertsantos@gamestop.com,endpoints.csv,QA_V1,properties.csv,QA_M2,pdp_get_product.sql,databases.csv,QA_Catalog,chrome,,,,,,,,,,
TFS96887,MGS,Product,%QAAUTOMATION_SCRIPTS%\GameStopRespMobile\spec\UI\mgs_product_details_spec.rb   --browser chrome,PurchaseOptions Condition Digital,,,devices.csv,Google Nexus 4,,,,1,"EC,E,E10,T,M,RP,None",1,Digital,A,1,1,NULL,"85996,85998,85997",,,,,,,,,,FALSE,Visa,4111111111111110,12,2016,121,,,Accept,Tester,625 Westport Pkwy,,Grapevine,,Texas,76051,United States of America,8174242000,robertsantos@gamestop.com,625 Westport Pkwy,,Grapevine,,Texas,76051,United States of America,8174242000,robertsantos@gamestop.com,endpoints.csv,QA_V1,properties.csv,QA_M2,pdp_get_product.sql,databases.csv,QA_Catalog,chrome,,,,,,,,,,
TFS96888,MGS,Product,%QAAUTOMATION_SCRIPTS%\GameStopRespMobile\spec\UI\mgs_product_details_spec.rb   --browser chrome,PurchaseOptions Condition Refurbished,,,devices.csv,Google Nexus 5,,,,1,"EC,E,E10,T,M,RP,None",1,Refurbished,A,1,1,NULL,"85996,85998,85997",,,,,,,,,,FALSE,Visa,4111111111111110,12,2016,121,,,Accept,Tester,625 Westport Pkwy,,Grapevine,,Texas,76051,United States of America,8174242000,robertsantos@gamestop.com,625 Westport Pkwy,,Grapevine,,Texas,76051,United States of America,8174242000,robertsantos@gamestop.com,endpoints.csv,QA_V1,properties.csv,QA_M2,pdp_get_product.sql,databases.csv,QA_Catalog,chrome,,,,,,,,,,
TFS96889,MGS,Product,%QAAUTOMATION_SCRIPTS%\GameStopRespMobile\spec\UI\mgs_product_details_spec.rb   --browser chrome,PurchaseOptions Availability NFS,,,devices.csv,Apple iPhone 6,,,,1,"EC,E,E10,T,M,RP,None",1,"New,Used",NFS,1,1,NULL,"85996,85998,85997",,,,,,,,,,FALSE,Visa,4111111111111110,12,2016,121,,,Accept,Tester,625 Westport Pkwy,,Grapevine,,Texas,76051,United States of America,8174242000,robertsantos@gamestop.com,625 Westport Pkwy,,Grapevine,,Texas,76051,United States of America,8174242000,robertsantos@gamestop.com,endpoints.csv,QA_V1,properties.csv,QA_M2,pdp_get_product.sql,databases.csv,QA_Catalog,chrome,,,,,,,,,,
TFS96890,MGS,Product,%QAAUTOMATION_SCRIPTS%\GameStopRespMobile\spec\UI\mgs_product_details_spec.rb   --browser chrome,Reviews,,,devices.csv,Samsung Galaxy Tab,,,952217,1,,,,,,,,,,,,,,,,,,FALSE,Visa,4111111111111110,12,2016,121,,,Accept,Tester,625 Westport Pkwy,,Grapevine,,Texas,76051,United States of America,8174242000,robertsantos@gamestop.com,625 Westport Pkwy,,Grapevine,,Texas,76051,United States of America,8174242000,robertsantos@gamestop.com,endpoints.csv,QA_V1,properties.csv,QA_M2,pdp_get_product_by_sku.sql,databases.csv,QA_Catalog,chrome,,,,,,,,,,
TFS97349,MGS,Browse,%QAAUTOMATION_SCRIPTS%\GameStopRespMobile\spec\UI\mgs_browse_left_spec.rb   --browser chrome,Breadcrumb Add Remove Phone View,,,devices.csv,Apple iPhone 6,,,,,,,,,,,,,,,,,,,,,,FALSE,Visa,4111111111111110,12,2016,121,,,Accept,Tester,625 Westport Pkwy,,Grapevine,,Texas,76051,United States of America,8174242000,robertsantos@gamestop.com,625 Westport Pkwy,,Grapevine,,Texas,76051,United States of America,8174242000,robertsantos@gamestop.com,endpoints.csv,QA_V1,properties.csv,QA_M2,pdp_get_product.sql,databases.csv,QA_Catalog,chrome,,,,,,,,,,
TFS97350,MGS,Browse,%QAAUTOMATION_SCRIPTS%\GameStopRespMobile\spec\UI\mgs_browse_left_spec.rb   --browser chrome,Breadcrumb Add Remove Tablet View,,,devices.csv,"Motorola Xoom, Xyboard",,,,,,,,,,,,,,,,,,,,,,FALSE,Visa,4111111111111110,12,2016,121,,,Accept,Tester,625 Westport Pkwy,,Grapevine,,Texas,76051,United States of America,8174242000,robertsantos@gamestop.com,625 Westport Pkwy,,Grapevine,,Texas,76051,United States of America,8174242000,robertsantos@gamestop.com,endpoints.csv,QA_V1,properties.csv,QA_M2,pdp_get_product.sql,databases.csv,QA_Catalog,chrome,,,,,,,,,,
TFS97351,MGS,Browse,%QAAUTOMATION_SCRIPTS%\GameStopRespMobile\spec\UI\mgs_browse_main_spec.rb   --browser chrome,Product List and Load More Phone View,,,devices.csv,Apple iPhone 6,,,,,,,,,,,,,,,,,,,,,,FALSE,Visa,4111111111111110,12,2016,121,,,Accept,Tester,625 Westport Pkwy,,Grapevine,,Texas,76051,United States of America,8174242000,robertsantos@gamestop.com,625 Westport Pkwy,,Grapevine,,Texas,76051,United States of America,8174242000,robertsantos@gamestop.com,endpoints.csv,QA_V1,properties.csv,QA_M2,pdp_get_product.sql,databases.csv,QA_Catalog,chrome,,,,,,,,,,
TFS97352,MGS,Browse,%QAAUTOMATION_SCRIPTS%\GameStopRespMobile\spec\UI\mgs_browse_main_spec.rb   --browser chrome,Product List and Load More Tablet View,,,devices.csv,Google Nexus 7,,,,,,,,,,,,,,,,,,,,,,FALSE,Visa,4111111111111110,12,2016,121,,,Accept,Tester,625 Westport Pkwy,,Grapevine,,Texas,76051,United States of America,8174242000,robertsantos@gamestop.com,625 Westport Pkwy,,Grapevine,,Texas,76051,United States of America,8174242000,robertsantos@gamestop.com,endpoints.csv,QA_V1,properties.csv,QA_M2,pdp_get_product.sql,databases.csv,QA_Catalog,chrome,,,,,,,,,,
TFS98063,MGS,Product,%QAAUTOMATION_SCRIPTS%\GameStopRespMobile\spec\UI\mgs_product_details_spec.rb   --browser chrome,Recommendations Phone,,,devices.csv,Apple iPhone 4,,,102436,1,,,,,,,,,,,,,,,,,,FALSE,Visa,4111111111111110,12,2016,121,,,Accept,Tester,625 Westport Pkwy,,Grapevine,,Texas,76051,United States of America,8174242000,robertsantos@gamestop.com,625 Westport Pkwy,,Grapevine,,Texas,76051,United States of America,8174242000,robertsantos@gamestop.com,endpoints.csv,QA_V1,properties.csv,QA_M2,pdp_get_product_by_sku.sql,databases.csv,QA_Catalog,chrome,,,,,,,,,,
TFS98064,MGS,Product,%QAAUTOMATION_SCRIPTS%\GameStopRespMobile\spec\UI\mgs_product_details_spec.rb   --browser chrome,OnlineOnlyPrice and OnlineOnly are True,,,devices.csv,Apple iPhone 5,,,,1,"EC,E,E10,T,M,RP,None",-100,"New,Used","A,PR",1,1,,"85996,85998,85997",,TRUE,TRUE,,,,,,,FALSE,Visa,4111111111111110,12,2016,121,,,Accept,Tester,625 Westport Pkwy,,Grapevine,,Texas,76051,United States of America,8174242000,robertsantos@gamestop.com,625 Westport Pkwy,,Grapevine,,Texas,76051,United States of America,8174242000,robertsantos@gamestop.com,endpoints.csv,QA_V1,properties.csv,QA_M2,pdp_get_product.sql,databases.csv,QA_Catalog,chrome,,,,,,,,,,
TFS98065,MGS,Product,%QAAUTOMATION_SCRIPTS%\GameStopRespMobile\spec\UI\mgs_product_details_spec.rb   --browser chrome,OnlineOnlyPrice is True and Digital,,,devices.csv,Apple iPhone 6,,,,1,"EC,E,E10,T,M,RP,None",-100,Digital,"A,PR",1,1,,"85996,85998,85997",,TRUE,FALSE,,,,,,,FALSE,Visa,4111111111111110,12,2016,121,,,Accept,Tester,625 Westport Pkwy,,Grapevine,,Texas,76051,United States of America,8174242000,robertsantos@gamestop.com,625 Westport Pkwy,,Grapevine,,Texas,76051,United States of America,8174242000,robertsantos@gamestop.com,endpoints.csv,QA_V1,properties.csv,QA_M2,pdp_get_product.sql,databases.csv,QA_Catalog,chrome,,,,,,,,,,
TFS98372,MGS,Product,%QAAUTOMATION_SCRIPTS%\GameStopRespMobile\spec\UI\mgs_product_details_spec.rb   --browser chrome,Continue Shopping and Add to Cart PHONE,,,devices.csv,Samsung Galaxy Note,,,,1,"EC,E,E10,T,M,RP,None",1,"New,Used","A,PR",1,1,NULL,"85996,85998,85997",,,,,,,,,,FALSE,Visa,4111111111111110,12,2016,121,,,Accept,Tester,625 Westport Pkwy,,Grapevine,,Texas,76051,United States of America,8174242000,robertsantos@gamestop.com,625 Westport Pkwy,,Grapevine,,Texas,76051,United States of America,8174242000,robertsantos@gamestop.com,endpoints.csv,QA_V1,properties.csv,QA_M2,pdp_get_product.sql,databases.csv,QA_Catalog,chrome,,,,,,,,,,
TFS98373,MGS,Product,%QAAUTOMATION_SCRIPTS%\GameStopRespMobile\spec\UI\mgs_product_details_spec.rb   --browser chrome,Continue Shopping and Add to Cart TABLET,,,devices.csv,Apple iPad 3 / 4,,,,1,"EC,E,E10,T,M,RP,None",1,"New,Used","A,PR",1,1,NULL,"85996,85998,85997",,,,,,,,,,FALSE,Visa,4111111111111110,12,2016,121,,,Accept,Tester,625 Westport Pkwy,,Grapevine,,Texas,76051,United States of America,8174242000,robertsantos@gamestop.com,625 Westport Pkwy,,Grapevine,,Texas,76051,United States of America,8174242000,robertsantos@gamestop.com,endpoints.csv,QA_V1,properties.csv,QA_M2,pdp_get_product.sql,databases.csv,QA_Catalog,chrome,,,,,,,,,,
TFS98368,MGS,Product,%QAAUTOMATION_SCRIPTS%\GameStopRespMobile\spec\UI\mgs_product_details_spec.rb   --browser chrome,PurchaseOptions Availability BackOrder,,,devices.csv,Apple iPhone 4,,,,1,"EC,E,E10,T,M,RP,None",0,New,BO,1,1,NULL,"85996,85998,85997",,,,TRUE,1,FALSE,0,,,FALSE,Visa,4111111111111110,12,2016,121,,,Accept,Tester,625 Westport Pkwy,,Grapevine,,Texas,76051,United States of America,8174242000,robertsantos@gamestop.com,625 Westport Pkwy,,Grapevine,,Texas,76051,United States of America,8174242000,robertsantos@gamestop.com,endpoints.csv,QA_V1,properties.csv,QA_M2,pdp_get_product.sql,databases.csv,QA_Catalog,chrome,,,,,,,,,,
TFS98369,MGS,Product,%QAAUTOMATION_SCRIPTS%\GameStopRespMobile\spec\UI\mgs_product_details_spec.rb   --browser chrome,PurchaseOptions Availability PreOrder,,,devices.csv,Apple iPhone 5,,,,1,"EC,E,E10,T,M,RP,None",0,New,PR,1,1,NULL,"85996,85998,85997",,,,FALSE,0,TRUE,1,,,FALSE,Visa,4111111111111110,12,2016,121,,,Accept,Tester,625 Westport Pkwy,,Grapevine,,Texas,76051,United States of America,8174242000,robertsantos@gamestop.com,625 Westport Pkwy,,Grapevine,,Texas,76051,United States of America,8174242000,robertsantos@gamestop.com,endpoints.csv,QA_V1,properties.csv,QA_M2,pdp_get_product.sql,databases.csv,QA_Catalog,chrome,,,,,,,,,,
TFS98370,MGS,Product,%QAAUTOMATION_SCRIPTS%\GameStopRespMobile\spec\UI\mgs_product_details_spec.rb   --browser chrome,PurchaseOptions Availability Out of Stock,,,devices.csv,Apple iPhone 6,,,,1,"EC,E,E10,T,M,RP,None",0,"New,Used","A,PR",1,1,NULL,"85996,85998,85997",,TRUE,,FALSE,,TRUE,0,,,FALSE,Visa,4111111111111110,12,2016,121,,,Accept,Tester,625 Westport Pkwy,,Grapevine,,Texas,76051,United States of America,8174242000,robertsantos@gamestop.com,625 Westport Pkwy,,Grapevine,,Texas,76051,United States of America,8174242000,robertsantos@gamestop.com,endpoints.csv,QA_V1,properties.csv,QA_M2,pdp_get_product.sql,databases.csv,QA_Catalog,chrome,,,,,,,,,,
TFS99023,MGS,Frame,%QAAUTOMATION_SCRIPTS%\GameStopRespMobile\spec\UI\mgs_frame_spec.rb   --browser chrome,PHONE Frame Validation,mgs_frame01@gs.com,T3sting1,devices.csv,Samsung Galaxy Note,,,,,,,,,,,,,,,,,,,,,,FALSE,Visa,4111111111111110,12,2016,121,,,Accept,Tester,625 Westport Pkwy,,Grapevine,,Texas,76051,United States of America,8174242000,robertsantos@gamestop.com,625 Westport Pkwy,,Grapevine,,Texas,76051,United States of America,8174242000,robertsantos@gamestop.com,endpoints.csv,QA_V1,properties.csv,QA_M2,pdp_get_product.sql,databases.csv,QA_Catalog,chrome,,,,,,,,,,
TFS99024,MGS,Frame,%QAAUTOMATION_SCRIPTS%\GameStopRespMobile\spec\UI\mgs_frame_spec.rb   --browser chrome,TABLET Frame Validation,,,devices.csv,Samsung Galaxy Tab,,,,,,,,,,,,,,,,,,,,,,FALSE,Visa,4111111111111110,12,2016,121,,,Accept,Tester,625 Westport Pkwy,,Grapevine,,Texas,76051,United States of America,8174242000,robertsantos@gamestop.com,625 Westport Pkwy,,Grapevine,,Texas,76051,United States of America,8174242000,robertsantos@gamestop.com,endpoints.csv,QA_V1,properties.csv,QA_M2,pdp_get_product.sql,databases.csv,QA_Catalog,chrome,,,,,,,,,,
TFS98971,MGS,Search,%QAAUTOMATION_SCRIPTS%\GameStopRespMobile\spec\UI\mgs_search_spec.rb   --browser chrome,PHONE Search Should show  PreOrder label,,,devices.csv,Samsung Galaxy Note,Pre-Release,,,,,,,,,,,,,,,,,,,,,FALSE,Visa,4111111111111110,12,2016,121,,,Accept,Tester,625 Westport Pkwy,,Grapevine,,Texas,76051,United States of America,8174242000,robertsantos@gamestop.com,625 Westport Pkwy,,Grapevine,,Texas,76051,United States of America,8174242000,robertsantos@gamestop.com,endpoints.csv,QA_V1,properties.csv,QA_M2,pdp_get_product.sql,databases.csv,QA_Catalog,chrome,,,,,,,,,,
TFS98972,MGS,Search,%QAAUTOMATION_SCRIPTS%\GameStopRespMobile\spec\UI\mgs_search_spec.rb   --browser chrome,TABLET Search Should show Future ReleaseDate only,,,devices.csv,Apple iPad 3 / 4,Month After Next,,,,,,,,,,,,,,,,,,,,,FALSE,Visa,4111111111111110,12,2016,121,,,Accept,Tester,625 Westport Pkwy,,Grapevine,,Texas,76051,United States of America,8174242000,robertsantos@gamestop.com,625 Westport Pkwy,,Grapevine,,Texas,76051,United States of America,8174242000,robertsantos@gamestop.com,endpoints.csv,QA_V1,properties.csv,QA_M2,pdp_get_product.sql,databases.csv,QA_Catalog,chrome,,,,,,,,,,
TFS98973,MGS,Search,%QAAUTOMATION_SCRIPTS%\GameStopRespMobile\spec\UI\mgs_search_spec.rb   --browser chrome,PHONE Search Should show  Product Rating label,,,devices.csv,LG Optimus G,9+,,,,,,,,,,,,,,,,,,,,,FALSE,Visa,4111111111111110,12,2016,121,,,Accept,Tester,625 Westport Pkwy,,Grapevine,,Texas,76051,United States of America,8174242000,robertsantos@gamestop.com,625 Westport Pkwy,,Grapevine,,Texas,76051,United States of America,8174242000,robertsantos@gamestop.com,endpoints.csv,QA_V1,properties.csv,QA_M2,pdp_get_product.sql,databases.csv,QA_Catalog,chrome,,,,,,,,,,
TFS98974,MGS,Search,%QAAUTOMATION_SCRIPTS%\GameStopRespMobile\spec\UI\mgs_search_spec.rb   --browser chrome,TABLET Search Should show  PickUp At Store label,,,devices.csv,"Motorola Xoom, Xyboard",PickUp@Store,,,,,,,,,,,,,,,,,,,,,FALSE,Visa,4111111111111110,12,2016,121,,,Accept,Tester,625 Westport Pkwy,,Grapevine,,Texas,76051,United States of America,8174242000,robertsantos@gamestop.com,625 Westport Pkwy,,Grapevine,,Texas,76051,United States of America,8174242000,robertsantos@gamestop.com,endpoints.csv,QA_V1,properties.csv,QA_M2,pdp_get_product.sql,databases.csv,QA_Catalog,chrome,,,,,,,,,,
TFS98975,MGS,Search,%QAAUTOMATION_SCRIPTS%\GameStopRespMobile\spec\UI\mgs_search_spec.rb   --browser chrome,PHONE Search Should show Previous filters,,,devices.csv,Samsung Galaxy Note 3,Bonus Item,,,,,,,,,,,,,,,,,,,,,FALSE,Visa,4111111111111110,12,2016,121,,,Accept,Tester,625 Westport Pkwy,,Grapevine,,Texas,76051,United States of America,8174242000,robertsantos@gamestop.com,625 Westport Pkwy,,Grapevine,,Texas,76051,United States of America,8174242000,robertsantos@gamestop.com,endpoints.csv,QA_V1,properties.csv,QA_M2,pdp_get_product.sql,databases.csv,QA_Catalog,chrome,,,,,,,,,,
TFS98976,MGS,Search,%QAAUTOMATION_SCRIPTS%\GameStopRespMobile\spec\UI\mgs_search_spec.rb   --browser chrome,TABLET Search Should validate Sorting Options,,,devices.csv,Google Nexus 7,Xbox One,,,,,,,,,,,,,,,,,,,,,FALSE,Visa,4111111111111110,12,2016,121,,,Accept,Tester,625 Westport Pkwy,,Grapevine,,Texas,76051,United States of America,8174242000,robertsantos@gamestop.com,625 Westport Pkwy,,Grapevine,,Texas,76051,United States of America,8174242000,robertsantos@gamestop.com,endpoints.csv,QA_V1,properties.csv,QA_M2,pdp_get_product.sql,databases.csv,QA_Catalog,chrome,,,,,,,,,,
TFS99263,MGS,Browse,%QAAUTOMATION_SCRIPTS%\GameStopRespMobile\spec\UI\mgs_browse_main_spec.rb   --browser chrome,SEO Requirements Empty Search,,,devices.csv,Apple iPad 3 / 4,,,,,,,,,,,,,,,,,,,,,,FALSE,Visa,4111111111111110,12,2016,121,,,Accept,Tester,625 Westport Pkwy,,Grapevine,,Texas,76051,United States of America,8174242000,robertsantos@gamestop.com,625 Westport Pkwy,,Grapevine,,Texas,76051,United States of America,8174242000,robertsantos@gamestop.com,endpoints.csv,QA_V1,properties.csv,QA_M2,pdp_get_product.sql,databases.csv,QA_Catalog,chrome,,,,,,,,,,
TFS99264,MGS,Browse,%QAAUTOMATION_SCRIPTS%\GameStopRespMobile\spec\UI\mgs_browse_main_spec.rb   --browser chrome,SEO Requirements Auto Correct,,,devices.csv,Samsung Galaxy Tab,,ccall,,,,,,,,,,,,,,,,,,,,FALSE,Visa,4111111111111110,12,2016,121,,,Accept,Tester,625 Westport Pkwy,,Grapevine,,Texas,76051,United States of America,8174242000,robertsantos@gamestop.com,625 Westport Pkwy,,Grapevine,,Texas,76051,United States of America,8174242000,robertsantos@gamestop.com,endpoints.csv,QA_V1,properties.csv,QA_M2,pdp_get_product.sql,databases.csv,QA_Catalog,chrome,,,,,,,,,,
TFS99265,MGS,Browse,%QAAUTOMATION_SCRIPTS%\GameStopRespMobile\spec\UI\mgs_browse_main_spec.rb   --browser chrome,SEO Requirements Multiple Result,,,devices.csv,Google Nexus 7,,robert,,,,,,,,,,,,,,,,,,,,FALSE,Visa,4111111111111110,12,2016,121,,,Accept,Tester,625 Westport Pkwy,,Grapevine,,Texas,76051,United States of America,8174242000,robertsantos@gamestop.com,625 Westport Pkwy,,Grapevine,,Texas,76051,United States of America,8174242000,robertsantos@gamestop.com,endpoints.csv,QA_V1,properties.csv,QA_M2,pdp_get_product.sql,databases.csv,QA_Catalog,chrome,,,,,,,,,,
TFS99266,MGS,Browse,%QAAUTOMATION_SCRIPTS%\GameStopRespMobile\spec\UI\mgs_browse_main_spec.rb   --browser chrome,SEO Requirements No Result,,,devices.csv,Apple iPad 3 / 4,,asdf,,,,,,,,,,,,,,,,,,,,FALSE,Visa,4111111111111110,12,2016,121,,,Accept,Tester,625 Westport Pkwy,,Grapevine,,Texas,76051,United States of America,8174242000,robertsantos@gamestop.com,625 Westport Pkwy,,Grapevine,,Texas,76051,United States of America,8174242000,robertsantos@gamestop.com,endpoints.csv,QA_V1,properties.csv,QA_M2,pdp_get_product.sql,databases.csv,QA_Catalog,chrome,,,,,,,,,,
TFS99267,MGS,Browse,%QAAUTOMATION_SCRIPTS%\GameStopRespMobile\spec\UI\mgs_browse_main_spec.rb   --browser chrome,Search text with Special characters,,,devices.csv,Samsung Galaxy Tab,,ludlum's,,,,,,,,,,,,,,,,,,,,FALSE,Visa,4111111111111110,12,2016,121,,,Accept,Tester,625 Westport Pkwy,,Grapevine,,Texas,76051,United States of America,8174242000,robertsantos@gamestop.com,625 Westport Pkwy,,Grapevine,,Texas,76051,United States of America,8174242000,robertsantos@gamestop.com,endpoints.csv,QA_V1,properties.csv,QA_M2,pdp_get_product.sql,databases.csv,QA_Catalog,chrome,,,,,,,,,,
TFS99268,MGS,Browse,%QAAUTOMATION_SCRIPTS%\GameStopRespMobile\spec\UI\mgs_browse_main_spec.rb   --browser chrome,SEO Requirements Empty Search,,,devices.csv,Apple iPhone 4,,,,,,,,,,,,,,,,,,,,,,FALSE,Visa,4111111111111110,12,2016,121,,,Accept,Tester,625 Westport Pkwy,,Grapevine,,Texas,76051,United States of America,8174242000,robertsantos@gamestop.com,625 Westport Pkwy,,Grapevine,,Texas,76051,United States of America,8174242000,robertsantos@gamestop.com,endpoints.csv,QA_V1,properties.csv,QA_M2,pdp_get_product.sql,databases.csv,QA_Catalog,chrome,,,,,,,,,,
TFS99269,MGS,Browse,%QAAUTOMATION_SCRIPTS%\GameStopRespMobile\spec\UI\mgs_browse_main_spec.rb   --browser chrome,SEO Requirements Auto Correct,,,devices.csv,Apple iPhone 5,,ccall,,,,,,,,,,,,,,,,,,,,FALSE,Visa,4111111111111110,12,2016,121,,,Accept,Tester,625 Westport Pkwy,,Grapevine,,Texas,76051,United States of America,8174242000,robertsantos@gamestop.com,625 Westport Pkwy,,Grapevine,,Texas,76051,United States of America,8174242000,robertsantos@gamestop.com,endpoints.csv,QA_V1,properties.csv,QA_M2,pdp_get_product.sql,databases.csv,QA_Catalog,chrome,,,,,,,,,,
TFS99270,MGS,Browse,%QAAUTOMATION_SCRIPTS%\GameStopRespMobile\spec\UI\mgs_browse_main_spec.rb   --browser chrome,SEO Requirements Multiple Result,,,devices.csv,Apple iPhone 6,,robert,,,,,,,,,,,,,,,,,,,,FALSE,Visa,4111111111111110,12,2016,121,,,Accept,Tester,625 Westport Pkwy,,Grapevine,,Texas,76051,United States of America,8174242000,robertsantos@gamestop.com,625 Westport Pkwy,,Grapevine,,Texas,76051,United States of America,8174242000,robertsantos@gamestop.com,endpoints.csv,QA_V1,properties.csv,QA_M2,pdp_get_product.sql,databases.csv,QA_Catalog,chrome,,,,,,,,,,
TFS99271,MGS,Browse,%QAAUTOMATION_SCRIPTS%\GameStopRespMobile\spec\UI\mgs_browse_main_spec.rb   --browser chrome,SEO Requirements No Result,,,devices.csv,Samsung Galaxy Note,,asdf,,,,,,,,,,,,,,,,,,,,FALSE,Visa,4111111111111110,12,2016,121,,,Accept,Tester,625 Westport Pkwy,,Grapevine,,Texas,76051,United States of America,8174242000,robertsantos@gamestop.com,625 Westport Pkwy,,Grapevine,,Texas,76051,United States of America,8174242000,robertsantos@gamestop.com,endpoints.csv,QA_V1,properties.csv,QA_M2,pdp_get_product.sql,databases.csv,QA_Catalog,chrome,,,,,,,,,,
TFS99272,MGS,Browse,%QAAUTOMATION_SCRIPTS%\GameStopRespMobile\spec\UI\mgs_browse_main_spec.rb   --browser chrome,Search text with Special characters,,,devices.csv,Samsung Galaxy Note 3,,ludlum's,,,,,,,,,,,,,,,,,,,,FALSE,Visa,4111111111111110,12,2016,121,,,Accept,Tester,625 Westport Pkwy,,Grapevine,,Texas,76051,United States of America,8174242000,robertsantos@gamestop.com,625 Westport Pkwy,,Grapevine,,Texas,76051,United States of America,8174242000,robertsantos@gamestop.com,endpoints.csv,QA_V1,properties.csv,QA_M2,pdp_get_product.sql,databases.csv,QA_Catalog,chrome,,,,,,,,,,
TFS99258,MGS,Product,%QAAUTOMATION_SCRIPTS%\GameStopRespMobile\spec\UI\mgs_product_details_spec.rb   --browser chrome,Product Canonical URL,,,devices.csv,Google Nexus 7,,,831787,1,,,,,,,,,,,,,,,,,,FALSE,Visa,4111111111111110,12,2016,121,,,Accept,Tester,625 Westport Pkwy,,Grapevine,,Texas,76051,United States of America,8174242000,robertsantos@gamestop.com,625 Westport Pkwy,,Grapevine,,Texas,76051,United States of America,8174242000,robertsantos@gamestop.com,endpoints.csv,QA_V1,properties.csv,QA_M2,pdp_get_product_by_sku.sql,databases.csv,QA_Catalog,chrome,,,,,,,,,,
TFS99259,MGS,Product,%QAAUTOMATION_SCRIPTS%\GameStopRespMobile\spec\UI\mgs_product_details_spec.rb   --browser chrome,Show Multiple Platforms in ProductZen,,,devices.csv,Google Nexus 4,,,831787,1,,,,,,,,,,,,,,,,,,FALSE,Visa,4111111111111110,12,2016,121,,,Accept,Tester,625 Westport Pkwy,,Grapevine,,Texas,76051,United States of America,8174242000,robertsantos@gamestop.com,625 Westport Pkwy,,Grapevine,,Texas,76051,United States of America,8174242000,robertsantos@gamestop.com,endpoints.csv,QA_V1,properties.csv,QA_M2,pdp_get_product_by_sku.sql,databases.csv,QA_Catalog,chrome,,,,,,,,,,
TFS99260,MGS,Product,%QAAUTOMATION_SCRIPTS%\GameStopRespMobile\spec\UI\mgs_product_details_spec.rb   --browser chrome,Bonus Content,,,devices.csv,Google Nexus 5,,,150039,1,,,,,,,,,,,,,,,,,,FALSE,Visa,4111111111111110,12,2016,121,,,Accept,Tester,625 Westport Pkwy,,Grapevine,,Texas,76051,United States of America,8174242000,robertsantos@gamestop.com,625 Westport Pkwy,,Grapevine,,Texas,76051,United States of America,8174242000,robertsantos@gamestop.com,endpoints.csv,QA_V1,properties.csv,QA_M2,pdp_get_product_by_sku.sql,databases.csv,QA_Catalog,chrome,,,,,,,,,,
TFS99261,MGS,Product,%QAAUTOMATION_SCRIPTS%\GameStopRespMobile\spec\UI\mgs_product_details_spec.rb   --browser chrome,17 above,,,devices.csv,Apple iPad 3 / 4,,,201671,1,,,,,,,,,,,,,,,,May,1998,FALSE,Visa,4111111111111110,12,2016,121,,,Accept,Tester,625 Westport Pkwy,,Grapevine,,Texas,76051,United States of America,8174242000,robertsantos@gamestop.com,625 Westport Pkwy,,Grapevine,,Texas,76051,United States of America,8174242000,robertsantos@gamestop.com,endpoints.csv,QA_V1,properties.csv,QA_M2,pdp_get_product_by_sku.sql,databases.csv,QA_Catalog,chrome,,,,,,,,,,
TFS99262,MGS,Product,%QAAUTOMATION_SCRIPTS%\GameStopRespMobile\spec\UI\mgs_product_details_spec.rb   --browser chrome,17 below,,,devices.csv,Apple iPhone 4,,,201671,1,,,,,,,,,,,,,,,,Apr,2010,FALSE,Visa,4111111111111110,12,2016,121,,,Accept,Tester,625 Westport Pkwy,,Grapevine,,Texas,76051,United States of America,8174242000,robertsantos@gamestop.com,625 Westport Pkwy,,Grapevine,,Texas,76051,United States of America,8174242000,robertsantos@gamestop.com,endpoints.csv,QA_V1,properties.csv,QA_M2,pdp_get_product_by_sku.sql,databases.csv,QA_Catalog,chrome,,,,,,,,,,
TFS99273,MGS,Checkout,%QAAUTOMATION_SCRIPTS%\GameStopRespMobile\spec\UI\mgs_checkout_spec.rb   --browser chrome,ESRB ec,mgs_frame01@gs.com,T3sting1,devices.csv,Apple iPhone 5,,,,1,EC,1,"New,Used","A,PR",1,1,NULL,"85996,85998,85997",,,,,,,,,,TRUE,Visa,4111111111111110,12,2016,121,,,Accept,Tester,625 Westport Pkwy,,Grapevine,,Texas,76051,United States of America,8174242000,robertsantos@gamestop.com,625 Westport Pkwy,,Grapevine,,Texas,76051,United States of America,8174242000,robertsantos@gamestop.com,endpoints.csv,QA_V1,properties.csv,QA_M2,pdp_get_product.sql,databases.csv,QA_Catalog,chrome,TRUE,FALSE,FALSE,,FALSE,FALSE,,,,
TFS99274,MGS,Checkout,%QAAUTOMATION_SCRIPTS%\GameStopRespMobile\spec\UI\mgs_checkout_spec.rb   --browser chrome,ESRB e,,,devices.csv,Apple iPhone 6,,,,1,E,1,"New,Used","A,PR",1,1,NULL,"85996,85998,85997",,,,,,,,,,TRUE,Visa,4111111111111110,12,2016,121,,,Accept,Tester,625 Westport Pkwy,,Grapevine,,Texas,76051,United States of America,8174242000,robertsantos@gamestop.com,625 Westport Pkwy,,Grapevine,,Texas,76051,United States of America,8174242000,robertsantos@gamestop.com,endpoints.csv,QA_V1,properties.csv,QA_M2,pdp_get_product.sql,databases.csv,QA_Catalog,chrome,TRUE,FALSE,FALSE,,FALSE,FALSE,,,,
TFS99275,MGS,Checkout,%QAAUTOMATION_SCRIPTS%\GameStopRespMobile\spec\UI\mgs_checkout_spec.rb   --browser chrome,ESRB e10,,,devices.csv,Samsung Galaxy Note,,,,1,E10+,1,"New,Used","A,PR",1,1,NULL,"85996,85998,85997",,,,,,,,,,TRUE,Visa,4111111111111110,12,2016,121,,,Accept,Tester,625 Westport Pkwy,,Grapevine,,Texas,76051,United States of America,8174242000,robertsantos@gamestop.com,625 Westport Pkwy,,Grapevine,,Texas,76051,United States of America,8174242000,robertsantos@gamestop.com,endpoints.csv,QA_V1,properties.csv,QA_M2,pdp_get_product.sql,databases.csv,QA_Catalog,chrome,TRUE,FALSE,FALSE,,FALSE,FALSE,,,,
TFS99276,MGS,Checkout,%QAAUTOMATION_SCRIPTS%\GameStopRespMobile\spec\UI\mgs_checkout_spec.rb   --browser chrome,ESRB t,,,devices.csv,Samsung Galaxy Note 3,,,,1,T,1,"New,Used","A,PR",1,1,NULL,"85996,85998,85997",,,,,,,,,,TRUE,Visa,4111111111111110,12,2016,121,,,Accept,Tester,625 Westport Pkwy,,Grapevine,,Texas,76051,United States of America,8174242000,robertsantos@gamestop.com,625 Westport Pkwy,,Grapevine,,Texas,76051,United States of America,8174242000,robertsantos@gamestop.com,endpoints.csv,QA_V1,properties.csv,QA_M2,pdp_get_product.sql,databases.csv,QA_Catalog,chrome,TRUE,FALSE,FALSE,,FALSE,FALSE,,,,
TFS99277,MGS,Checkout,%QAAUTOMATION_SCRIPTS%\GameStopRespMobile\spec\UI\mgs_checkout_spec.rb   --browser chrome,ESRB m,,,devices.csv,Samsung Galaxy Note 2,,,,1,M,1,"New,Used","A,PR",1,1,NULL,"85996,85998,85997",,,,,,,,,,TRUE,Visa,4111111111111110,12,2016,121,,,Accept,Tester,625 Westport Pkwy,,Grapevine,,Texas,76051,United States of America,8174242000,robertsantos@gamestop.com,625 Westport Pkwy,,Grapevine,,Texas,76051,United States of America,8174242000,robertsantos@gamestop.com,endpoints.csv,QA_V1,properties.csv,QA_M2,pdp_get_product.sql,databases.csv,QA_Catalog,chrome,TRUE,FALSE,FALSE,,FALSE,FALSE,,,,
TFS99278,MGS,Checkout,%QAAUTOMATION_SCRIPTS%\GameStopRespMobile\spec\UI\mgs_checkout_spec.rb   --browser chrome,ESRB rp,,,devices.csv,LG Optimus G,,,,1,RP,1,"New,Used","A,PR",1,1,NULL,"85996,85998,85997",,,,,,,,,,TRUE,Visa,4111111111111110,12,2016,121,,,Accept,Tester,625 Westport Pkwy,,Grapevine,,Texas,76051,United States of America,8174242000,robertsantos@gamestop.com,625 Westport Pkwy,,Grapevine,,Texas,76051,United States of America,8174242000,robertsantos@gamestop.com,endpoints.csv,QA_V1,properties.csv,QA_M2,pdp_get_product.sql,databases.csv,QA_Catalog,chrome,TRUE,FALSE,FALSE,,FALSE,FALSE,,,,
TFS99279,MGS,Checkout,%QAAUTOMATION_SCRIPTS%\GameStopRespMobile\spec\UI\mgs_checkout_spec.rb   --browser chrome,ESRB None,,,devices.csv,LG Optimus One,,,,1,None,1,"New,Used","A,PR",1,1,NULL,"85996,85998,85997",,,,,,,,,,TRUE,Visa,4111111111111110,12,2016,121,,,Accept,Tester,625 Westport Pkwy,,Grapevine,,Texas,76051,United States of America,8174242000,robertsantos@gamestop.com,625 Westport Pkwy,,Grapevine,,Texas,76051,United States of America,8174242000,robertsantos@gamestop.com,endpoints.csv,QA_V1,properties.csv,QA_M2,pdp_get_product.sql,databases.csv,QA_Catalog,chrome,TRUE,FALSE,FALSE,,FALSE,FALSE,,,,
TFS99280,MGS,Checkout,%QAAUTOMATION_SCRIPTS%\GameStopRespMobile\spec\UI\mgs_checkout_spec.rb   --browser chrome,PurchaseOptions Condition New,mgs_frame02@gs.com,T3sting1,devices.csv,"Sony Experia Sola, U",,,,1,"EC,E,E10,T,M,RP,None",1,New,"A,PR",1,1,NULL,"85996,85998,85997",,,,,,,,,,TRUE,Visa,4111111111111110,12,2016,121,,,Accept,Tester,625 Westport Pkwy,,Grapevine,,Texas,76051,United States of America,8174242000,robertsantos@gamestop.com,625 Westport Pkwy,,Grapevine,,Texas,76051,United States of America,8174242000,robertsantos@gamestop.com,endpoints.csv,QA_V1,properties.csv,QA_M2,pdp_get_product.sql,databases.csv,QA_Catalog,chrome,TRUE,FALSE,FALSE,,FALSE,FALSE,,,,
TFS99281,MGS,Checkout,%QAAUTOMATION_SCRIPTS%\GameStopRespMobile\spec\UI\mgs_checkout_spec.rb   --browser chrome,PurchaseOptions Condition Used,,,devices.csv,"Sony Experia Z, Z1",,,,1,"EC,E,E10,T,M,RP,None",1,Used,"A,PR",1,1,NULL,"85996,85998,85997",,,,,,,,,,TRUE,Visa,4111111111111110,12,2016,121,,,Accept,Tester,625 Westport Pkwy,,Grapevine,,Texas,76051,United States of America,8174242000,robertsantos@gamestop.com,625 Westport Pkwy,,Grapevine,,Texas,76051,United States of America,8174242000,robertsantos@gamestop.com,endpoints.csv,QA_V1,properties.csv,QA_M2,pdp_get_product.sql,databases.csv,QA_Catalog,chrome,TRUE,FALSE,FALSE,,FALSE,FALSE,,,,
TFS99282,MGS,Checkout,%QAAUTOMATION_SCRIPTS%\GameStopRespMobile\spec\UI\mgs_checkout_spec.rb   --browser chrome,PurchaseOptions Condition Digital,,,devices.csv,Apple iPhone 3GS,,,,1,"EC,E,E10,T,M,RP,None",1,Digital,"A,PR",1,1,NULL,"85996,85998,85997",,,,,,,,,,TRUE,Visa,4111111111111110,12,2016,121,,,Accept,Tester,625 Westport Pkwy,,Grapevine,,Texas,76051,United States of America,8174242000,robertsantos@gamestop.com,625 Westport Pkwy,,Grapevine,,Texas,76051,United States of America,8174242000,robertsantos@gamestop.com,endpoints.csv,QA_V1,properties.csv,QA_M2,pdp_get_product.sql,databases.csv,QA_Catalog,chrome,TRUE,FALSE,FALSE,,FALSE,FALSE,,,,
sort01,MGS,Search,%QAAUTOMATION_SCRIPTS%\GameStopRespMobile\spec\UI\mgs_search_spec.rb   --browser chrome,PHONE Search Best Selling,,,devices.csv,Apple iPhone 6 Plus,Pre-Release,,,,,,,,,,,,,,,,,,,,,FALSE,Visa,4111111111111110,12,2016,121,,,Accept,Tester,625 Westport Pkwy,,Grapevine,,Texas,76051,United States of America,8174242000,robertsantos@gamestop.com,625 Westport Pkwy,,Grapevine,,Texas,76051,United States of America,8174242000,robertsantos@gamestop.com,endpoints.csv,QA_V1,properties.csv,QA_M2,pdp_get_product.sql,databases.csv,QA_Catalog,chrome,,,,,,,,,,
sort02,MGS,Search,%QAAUTOMATION_SCRIPTS%\GameStopRespMobile\spec\UI\mgs_search_spec.rb   --browser chrome,TABLET Search Best Selling,,,devices.csv,Samsung Galaxy Tab,Pre-Release,,,,,,,,,,,,,,,,,,,,,FALSE,Visa,4111111111111110,12,2016,121,,,Accept,Tester,625 Westport Pkwy,,Grapevine,,Texas,76051,United States of America,8174242000,robertsantos@gamestop.com,625 Westport Pkwy,,Grapevine,,Texas,76051,United States of America,8174242000,robertsantos@gamestop.com,endpoints.csv,QA_V1,properties.csv,QA_M2,pdp_get_product.sql,databases.csv,QA_Catalog,chrome,,,,,,,,,,
checkout01,MGS,Checkout,%QAAUTOMATION_SCRIPTS%\GameStopRespMobile\spec\UI\mgs_checkout_spec.rb   --browser chrome,GS Mobile Checkout Verify Order Summary link on Billing Address Page,,,devices.csv,Apple iPhone 5,,,,1,"EC,E,E10,T,M,RP,None",1,New,"A,PR",1,1,NULL,"85996,85998,85997",,,,,,,,,,TRUE,Visa,4111111111111110,12,2016,121,,,Accept,Tester,625 Westport Pkwy,,Grapevine,,Texas,76051,United States of America,8174242000,robertsantos@gamestop.com,625 Westport Pkwy,,Grapevine,,Texas,76051,United States of America,8174242000,robertsantos@gamestop.com,endpoints.csv,QA_V1,properties.csv,QA_M2,pdp_get_product.sql,databases.csv,QA_Catalog,chrome,TRUE,TRUE,FALSE,,FALSE,FALSE,,,,
checkout02,MGS,Checkout,%QAAUTOMATION_SCRIPTS%\GameStopRespMobile\spec\UI\mgs_checkout_spec.rb   --browser chrome,GS Mobile Checkout Verify Order Summary link on Handling Page,,,devices.csv,Samsung Galaxy Tab,,,,1,"EC,E,E10,T,M,RP,None",1,New,"A,PR",1,1,NULL,"85996,85998,85997",,,,,,,,,,TRUE,Visa,4111111111111110,12,2016,121,,,Accept,Tester,625 Westport Pkwy,,Grapevine,,Texas,76051,United States of America,8174242000,robertsantos@gamestop.com,625 Westport Pkwy,,Grapevine,,Texas,76051,United States of America,8174242000,robertsantos@gamestop.com,endpoints.csv,QA_V1,properties.csv,QA_M2,pdp_get_product.sql,databases.csv,QA_Catalog,chrome,TRUE,TRUE,FALSE,,FALSE,FALSE,,,,
checkout03,MGS,Checkout,%QAAUTOMATION_SCRIPTS%\GameStopRespMobile\spec\UI\mgs_checkout_spec.rb   --browser chrome,GS Mobile Checkout Verify Order Summary link on Shipping Address Page,,,devices.csv,Samsung Galaxy Note,,,,1,"EC,E,E10,T,M,RP,None",1,New,"A,PR",1,1,NULL,"85996,85998,85997",,,,,,,,,,TRUE,Visa,4111111111111110,12,2016,121,,,Accept,Tester,625 Westport Pkwy,,Grapevine,,Texas,76051,United States of America,8174242000,robertsantos@gamestop.com,625 Westport Pkwy,,Grapevine,,Texas,76051,United States of America,8174242000,robertsantos@gamestop.com,endpoints.csv,QA_V1,properties.csv,QA_M2,pdp_get_product.sql,databases.csv,QA_Catalog,chrome,TRUE,TRUE,FALSE,,FALSE,FALSE,,,,
checkout04,MGS,Checkout,%QAAUTOMATION_SCRIPTS%\GameStopRespMobile\spec\UI\mgs_checkout_spec.rb   --browser chrome,GS Mobile Checkout Physical Product Purchase using Valid CC as Guest,,,devices.csv,Samsung Galaxy Note 3,,,,1,"EC,E,E10,T,M,RP,None",1,"New,Used","A,PR",1,1,NULL,"85996,85998,85997",,,,,,,,,,TRUE,Visa,4111111111111110,12,2016,121,,,Accept,Tester,625 Westport Pkwy,,Grapevine,,Texas,76051,United States of America,8174242000,robertsantos@gamestop.com,625 Westport Pkwy,,Grapevine,,Texas,76051,United States of America,8174242000,robertsantos@gamestop.com,endpoints.csv,QA_V1,properties.csv,QA_M2,pdp_get_product.sql,databases.csv,QA_Catalog,chrome,TRUE,TRUE,FALSE,,FALSE,FALSE,,,,
checkout05,MGS,Checkout,%QAAUTOMATION_SCRIPTS%\GameStopRespMobile\spec\UI\mgs_checkout_spec.rb   --browser chrome,GS Mobile Checkout Digital Product Purchase using Valid CC as Guest,,,devices.csv,Samsung Galaxy Note 2,,,,1,"EC,E,E10,T,M,RP,None",1,Digital,"A,PR",1,1,NULL,"85996,85998,85997",,,,,,,,,,TRUE,Visa,4111111111111110,12,2016,121,,,Accept,Tester,625 Westport Pkwy,,Grapevine,,Texas,76051,United States of America,8174242000,robertsantos@gamestop.com,625 Westport Pkwy,,Grapevine,,Texas,76051,United States of America,8174242000,robertsantos@gamestop.com,endpoints.csv,QA_V1,properties.csv,QA_M2,pdp_get_product.sql,databases.csv,QA_Catalog,chrome,TRUE,FALSE,FALSE,,FALSE,FALSE,,,,
checkout06,MGS,Checkout,%QAAUTOMATION_SCRIPTS%\GameStopRespMobile\spec\UI\mgs_checkout_spec.rb   --browser chrome,GS Mobile Checkout PreOrder Product Purchase using Valid CC Shipped as Guest,,,devices.csv,Apple iPhone 5,,,,1,"EC,E,E10,T,M,RP,None",1,New,PR,1,1,NULL,"85996,85998,85997",,,,,,,,,,TRUE,Visa,4111111111111110,12,2016,121,,,Accept,Tester,625 Westport Pkwy,,Grapevine,,Texas,76051,United States of America,8174242000,robertsantos@gamestop.com,625 Westport Pkwy,,Grapevine,,Texas,76051,United States of America,8174242000,robertsantos@gamestop.com,endpoints.csv,QA_V1,properties.csv,QA_M2,pdp_get_product.sql,databases.csv,QA_Catalog,chrome,TRUE,TRUE,FALSE,,FALSE,FALSE,,,,
checkout07,MGS,Checkout,%QAAUTOMATION_SCRIPTS%\GameStopRespMobile\spec\UI\mgs_checkout_spec.rb   --browser chrome,GS Mobile Checkout Modify Billing Address under Payment Page as Guest,,,devices.csv,Samsung Galaxy Note 2,,,,1,"EC,E,E10,T,M,RP,None",1,New,"A,PR",1,1,NULL,"85996,85998,85997",,,,,,,,,,TRUE,Visa,4111111111111110,12,2016,121,,,Accept,Tester,625 Westport Pkwy,,Grapevine,,Texas,76051,United States of America,8174242000,robertsantos@gamestop.com,625 Westport Pkwy,,Grapevine,,Texas,76051,United States of America,8174242000,robertsantos@gamestop.com,endpoints.csv,QA_V1,properties.csv,QA_M2,pdp_get_product.sql,databases.csv,QA_Catalog,chrome,TRUE,FALSE,TRUE,,FALSE,FALSE,,,,
checkout08,MGS,Checkout,%QAAUTOMATION_SCRIPTS%\GameStopRespMobile\spec\UI\mgs_checkout_spec.rb   --browser chrome,GS Mobile Checkout Physical Product Purchase using Valid CC Edit Quantity as Guest,,,devices.csv,Apple iPhone 5,,,,1,"EC,E,E10,T,M,RP,None",1,New,"A,PR",1,1,NULL,"85996,85998,85997",,,,,,,,,,TRUE,Visa,4111111111111110,12,2016,121,,,Accept,Tester,625 Westport Pkwy,,Grapevine,,Texas,76051,United States of America,8174242000,robertsantos@gamestop.com,625 Westport Pkwy,,Grapevine,,Texas,76051,United States of America,8174242000,robertsantos@gamestop.com,endpoints.csv,QA_V1,properties.csv,QA_M2,pdp_get_product.sql,databases.csv,QA_Catalog,chrome,TRUE,FALSE,FALSE,TRUE,FALSE,FALSE,,,,
checkout09,MGS,Checkout,%QAAUTOMATION_SCRIPTS%\GameStopRespMobile\spec\UI\mgs_checkout_spec.rb   --browser chrome,GS Mobile Digital Product Purchase using Valid GC as Guest,,,devices.csv,Samsung Galaxy Note,,,,1,"EC,E,E10,T,M,RP,None",1,New,"A,PR",1,1,NULL,"85996,85998,85997",,,,,,,,,,TRUE,,,,,,6364913881999910000,6395,Accept,Tester,625 Westport Pkwy,,Grapevine,,Texas,76051,United States of America,8174242000,robertsantos@gamestop.com,625 Westport Pkwy,,Grapevine,,Texas,76051,United States of America,8174242000,robertsantos@gamestop.com,endpoints.csv,QA_V1,properties.csv,QA_M2,pdp_get_product.sql,databases.csv,QA_Catalog,chrome,TRUE,FALSE,FALSE,,FALSE,FALSE,,,,
checkout10,MGS,Checkout,%QAAUTOMATION_SCRIPTS%\GameStopRespMobile\spec\UI\mgs_checkout_spec.rb   --browser chrome,GS Mobile Optional Gift Msg Field should Accept under 50 Characters as Guest User,,,devices.csv,Samsung Galaxy Note 3,,,,1,"EC,E,E10,T,M,RP,None",1,New,"A,PR",1,1,NULL,"85996,85998,85997",,,,,,,,,,TRUE,Visa,4111111111111110,12,2016,121,,,Accept,Tester,625 Westport Pkwy,,Grapevine,,Texas,76051,United States of America,8174242000,robertsantos@gamestop.com,625 Westport Pkwy,,Grapevine,,Texas,76051,United States of America,8174242000,robertsantos@gamestop.com,endpoints.csv,QA_V1,properties.csv,QA_M2,pdp_get_product.sql,databases.csv,QA_Catalog,chrome,TRUE,FALSE,FALSE,,FALSE,FALSE,,,,
checkout11,MGS,Checkout,%QAAUTOMATION_SCRIPTS%\GameStopRespMobile\spec\UI\mgs_checkout_spec.rb   --browser chrome,GS Mobile Optional Gift Msg Field should Accept 50 Characters as Guest User,,,devices.csv,Samsung Galaxy Note 2,,,,1,"EC,E,E10,T,M,RP,None",1,New,"A,PR",1,1,NULL,"85996,85998,85997",,,,,,,,,,TRUE,Visa,4111111111111110,12,2016,121,,,Accept,Tester,625 Westport Pkwy,,Grapevine,,Texas,76051,United States of America,8174242000,robertsantos@gamestop.com,625 Westport Pkwy,,Grapevine,,Texas,76051,United States of America,8174242000,robertsantos@gamestop.com,endpoints.csv,QA_V1,properties.csv,QA_M2,pdp_get_product.sql,databases.csv,QA_Catalog,chrome,TRUE,FALSE,FALSE,,FALSE,FALSE,,,,
checkout12,MGS,Checkout,%QAAUTOMATION_SCRIPTS%\GameStopRespMobile\spec\UI\mgs_checkout_spec.rb   --browser chrome,GS Mobile Optional Gift Msg Field should Not Accept over 50 Char as Guest User,,,devices.csv,Apple iPhone 5,,,,1,"EC,E,E10,T,M,RP,None",1,New,"A,PR",1,1,NULL,"85996,85998,85997",,,,,,,,,,TRUE,Visa,4111111111111110,12,2016,121,,,Accept,Tester,625 Westport Pkwy,,Grapevine,,Texas,76051,United States of America,8174242000,robertsantos@gamestop.com,625 Westport Pkwy,,Grapevine,,Texas,76051,United States of America,8174242000,robertsantos@gamestop.com,endpoints.csv,QA_V1,properties.csv,QA_M2,pdp_get_product.sql,databases.csv,QA_Catalog,chrome,TRUE,FALSE,FALSE,,FALSE,FALSE,,,,
checkout13,MGS,Checkout,%QAAUTOMATION_SCRIPTS%\GameStopRespMobile\spec\UI\mgs_checkout_spec.rb   --browser chrome,GS Mobile Checkout Physical Product Purchase using Valid GC(full payment) as Guest,,,devices.csv,Apple iPhone 6,,,,1,"EC,E,E10,T,M,RP,None",1,New,"A,PR",1,1,NULL,"85996,85998,85997",,,,,,,,,,TRUE,,,,,,6364913881999910000,6395,Accept,Tester,625 Westport Pkwy,,Grapevine,,Texas,76051,United States of America,8174242000,robertsantos@gamestop.com,625 Westport Pkwy,,Grapevine,,Texas,76051,United States of America,8174242000,robertsantos@gamestop.com,endpoints.csv,QA_V1,properties.csv,QA_M2,pdp_get_product.sql,databases.csv,QA_Catalog,chrome,TRUE,FALSE,FALSE,,FALSE,FALSE,,,,
checkout14,MGS,GiftCards,%QAAUTOMATION_SCRIPTS%\GameStopRespMobile\spec\UI\mgs_checkout_GIFTCARDS_spec.rb   --browser chrome,Should validate giftcards fields on GS Mobile,,,devices.csv,Apple iPhone 5,,,,,,,,,,,,,,,,,,,,,,TRUE,Visa,4111111111111110,12,2016,121,,,Accept,Tester,625 Westport Pkwy,,Grapevine,,Texas,76051,United States of America,8174242000,robertsantos@gamestop.com,625 Westport Pkwy,,Grapevine,,Texas,76051,United States of America,8174242000,robertsantos@gamestop.com,endpoints.csv,QA_V1,properties.csv,QA_M2,pdp_get_product.sql,databases.csv,QA_Catalog,chrome,TRUE,FALSE,FALSE,,FALSE,FALSE,GiftCard,100,4,
checkout15,MGS,GiftCards,%QAAUTOMATION_SCRIPTS%\GameStopRespMobile\spec\UI\mgs_checkout_GIFTCARDS_spec.rb   --browser chrome,Should sell Physical card on GS Mobile,,,devices.csv,Apple iPhone 6,,,,,,,,,,,,,,,,,,,,,,TRUE,Visa,4111111111111110,12,2016,121,,,Accept,Tester,625 Westport Pkwy,,Grapevine,,Texas,76051,United States of America,8174242000,robertsantos@gamestop.com,625 Westport Pkwy,,Grapevine,,Texas,76051,United States of America,8174242000,robertsantos@gamestop.com,endpoints.csv,QA_V1,properties.csv,QA_M2,pdp_get_product.sql,databases.csv,QA_Catalog,chrome,TRUE,FALSE,FALSE,,FALSE,FALSE,GiftCard,75,6,
checkout16,MGS,GiftCards,%QAAUTOMATION_SCRIPTS%\GameStopRespMobile\spec\UI\mgs_checkout_GIFTCARDS_spec.rb   --browser chrome,Should sell Digital card on GS Mobile,,,devices.csv,Samsung Galaxy Note,,,,,,,,,,,,,,,,,,,,,,TRUE,Visa,4111111111111110,12,2016,121,,,Accept,Tester,625 Westport Pkwy,,Grapevine,,Texas,76051,United States of America,8174242000,robertsantos@gamestop.com,625 Westport Pkwy,,Grapevine,,Texas,76051,United States of America,8174242000,robertsantos@gamestop.com,endpoints.csv,QA_V1,properties.csv,QA_M2,pdp_get_product.sql,databases.csv,QA_Catalog,chrome,TRUE,FALSE,FALSE,,FALSE,FALSE,GiftCertificate,25,7,
checkout17,MGS,GiftCards,%QAAUTOMATION_SCRIPTS%\GameStopRespMobile\spec\UI\mgs_checkout_GIFTCARDS_spec.rb   --browser chrome,Should sell Physical or Digital card with other amount,,,devices.csv,Samsung Galaxy Note 3,,,,,,,,,,,,,,,,,,,,,,TRUE,Visa,4111111111111110,12,2016,121,,,Accept,Tester,625 Westport Pkwy,,Grapevine,,Texas,76051,United States of America,8174242000,robertsantos@gamestop.com,625 Westport Pkwy,,Grapevine,,Texas,76051,United States of America,8174242000,robertsantos@gamestop.com,endpoints.csv,QA_V1,properties.csv,QA_M2,pdp_get_product.sql,databases.csv,QA_Catalog,chrome,TRUE,FALSE,FALSE,,FALSE,FALSE,GiftCard,Other,5,99
checkout18,MGS,GiftCards,%QAAUTOMATION_SCRIPTS%\GameStopRespMobile\spec\UI\mgs_checkout_GIFTCARDS_spec.rb   --browser chrome,Should sell Physical or Digital card with quantity maximum of 10,,,devices.csv,Samsung Galaxy Note 2,,,,,,,,,,,,,,,,,,,,,,TRUE,Visa,4111111111111110,12,2016,121,,,Accept,Tester,625 Westport Pkwy,,Grapevine,,Texas,76051,United States of America,8174242000,robertsantos@gamestop.com,625 Westport Pkwy,,Grapevine,,Texas,76051,United States of America,8174242000,robertsantos@gamestop.com,endpoints.csv,QA_V1,properties.csv,QA_M2,pdp_get_product.sql,databases.csv,QA_Catalog,chrome,TRUE,FALSE,FALSE,,FALSE,FALSE,GiftCertificate,50,10,
checkout19,MGS,GiftCards,%QAAUTOMATION_SCRIPTS%\GameStopRespMobile\spec\UI\mgs_checkout_GIFTCARDS_spec.rb   --browser chrome,Should sell multiple Digital cards on GS Mobile,,,devices.csv,Apple iPhone 5,,,,,,,,,,,,,,,,,,,,,,TRUE,Visa,4111111111111110,12,2016,121,,,Accept,Tester,625 Westport Pkwy,,Grapevine,,Texas,76051,United States of America,8174242000,robertsantos@gamestop.com,625 Westport Pkwy,,Grapevine,,Texas,76051,United States of America,8174242000,robertsantos@gamestop.com,endpoints.csv,QA_V1,properties.csv,QA_M2,pdp_get_product.sql,databases.csv,QA_Catalog,chrome,TRUE,FALSE,FALSE,,FALSE,FALSE,GiftCertificate|GiftCertificate,50|10,8,
checkout20,MGS,GiftCards,%QAAUTOMATION_SCRIPTS%\GameStopRespMobile\spec\UI\mgs_checkout_GIFTCARDS_spec.rb   --browser chrome,Should sell multiple Physical cards on GS Mobile,,,devices.csv,Apple iPhone 6,,,,,,,,,,,,,,,,,,,,,,TRUE,Visa,4111111111111110,12,2016,121,,,Accept,Tester,625 Westport Pkwy,,Grapevine,,Texas,76051,United States of America,8174242000,robertsantos@gamestop.com,625 Westport Pkwy,,Grapevine,,Texas,76051,United States of America,8174242000,robertsantos@gamestop.com,endpoints.csv,QA_V1,properties.csv,QA_M2,pdp_get_product.sql,databases.csv,QA_Catalog,chrome,TRUE,FALSE,FALSE,,FALSE,FALSE,GiftCard|GiftCard,25|Other,3,140
checkout21,MGS,GiftCards,%QAAUTOMATION_SCRIPTS%\GameStopRespMobile\spec\UI\mgs_checkout_GIFTCARDS_spec.rb   --browser chrome,Should sell Mixed cards on GS Mobile,,,devices.csv,Samsung Galaxy Note,,,,,,,,,,,,,,,,,,,,,,TRUE,Visa,4111111111111110,12,2016,121,,,Accept,Tester,625 Westport Pkwy,,Grapevine,,Texas,76051,United States of America,8174242000,robertsantos@gamestop.com,625 Westport Pkwy,,Grapevine,,Texas,76051,United States of America,8174242000,robertsantos@gamestop.com,endpoints.csv,QA_V1,properties.csv,QA_M2,pdp_get_product.sql,databases.csv,QA_Catalog,chrome,TRUE,FALSE,FALSE,,FALSE,FALSE,GiftCard|GiftCertificate|GiftCard,25|Other|10,2,200
checkout22,MGS,GiftCards,%QAAUTOMATION_SCRIPTS%\GameStopRespMobile\spec\UI\mgs_checkout_GIFTCARDS_spec.rb   --browser chrome,Should throw an error if other amount entered is less than 10,,,devices.csv,Samsung Galaxy Note 3,,,,,,,,,,,,,,,,,,,,,,FALSE,Visa,4111111111111110,12,2016,121,,,Accept,Tester,625 Westport Pkwy,,Grapevine,,Texas,76051,United States of America,8174242000,robertsantos@gamestop.com,625 Westport Pkwy,,Grapevine,,Texas,76051,United States of America,8174242000,robertsantos@gamestop.com,endpoints.csv,QA_V1,properties.csv,QA_M2,pdp_get_product.sql,databases.csv,QA_Catalog,chrome,TRUE,FALSE,FALSE,,FALSE,FALSE,GiftCard,Other,9,9
checkout23,MGS,GiftCards,%QAAUTOMATION_SCRIPTS%\GameStopRespMobile\spec\UI\mgs_checkout_GIFTCARDS_spec.rb   --browser chrome,Should throw an error if other amount entered is greater than 500,,,devices.csv,Samsung Galaxy Note 2,,,,,,,,,,,,,,,,,,,,,,FALSE,Visa,4111111111111110,12,2016,121,,,Accept,Tester,625 Westport Pkwy,,Grapevine,,Texas,76051,United States of America,8174242000,robertsantos@gamestop.com,625 Westport Pkwy,,Grapevine,,Texas,76051,United States of America,8174242000,robertsantos@gamestop.com,endpoints.csv,QA_V1,properties.csv,QA_M2,pdp_get_product.sql,databases.csv,QA_Catalog,chrome,TRUE,FALSE,FALSE,,FALSE,FALSE,GiftCertificate,Other,1,700
checkout24,MGS,GiftCards,%QAAUTOMATION_SCRIPTS%\GameStopRespMobile\spec\UI\mgs_checkout_GIFTCARDS_spec.rb   --browser chrome,Should throw an error if quantity is not a whole number,,,devices.csv,Apple iPhone 5,,,,,,,,,,,,,,,,,,,,,,FALSE,Visa,4111111111111110,12,2016,121,,,Accept,Tester,625 Westport Pkwy,,Grapevine,,Texas,76051,United States of America,8174242000,robertsantos@gamestop.com,625 Westport Pkwy,,Grapevine,,Texas,76051,United States of America,8174242000,robertsantos@gamestop.com,endpoints.csv,QA_V1,properties.csv,QA_M2,pdp_get_product.sql,databases.csv,QA_Catalog,chrome,TRUE,FALSE,FALSE,,FALSE,FALSE,GiftCard,100,3.5,
checkout25,MGS,GiftCards,%QAAUTOMATION_SCRIPTS%\GameStopRespMobile\spec\UI\mgs_checkout_GIFTCARDS_spec.rb   --browser chrome,Should throw an error if quantity is greater than 10,,,devices.csv,Apple iPhone 6,,,,,,,,,,,,,,,,,,,,,,FALSE,Visa,4111111111111110,12,2016,121,,,Accept,Tester,625 Westport Pkwy,,Grapevine,,Texas,76051,United States of America,8174242000,robertsantos@gamestop.com,625 Westport Pkwy,,Grapevine,,Texas,76051,United States of America,8174242000,robertsantos@gamestop.com,endpoints.csv,QA_V1,properties.csv,QA_M2,pdp_get_product.sql,databases.csv,QA_Catalog,chrome,TRUE,FALSE,FALSE,,FALSE,FALSE,GiftCertificate,10,15,
checkout26,MGS,GiftCards,%QAAUTOMATION_SCRIPTS%\GameStopRespMobile\spec\UI\mgs_checkout_GIFTCARDS_spec.rb   --browser chrome,Should throw an error if total amount exceed 500,,,devices.csv,Apple iPhone 6,,,,,,,,,,,,,,,,,,,,,,FALSE,Visa,4111111111111110,12,2016,121,,,Accept,Tester,625 Westport Pkwy,,Grapevine,,Texas,76051,United States of America,8174242000,robertsantos@gamestop.com,625 Westport Pkwy,,Grapevine,,Texas,76051,United States of America,8174242000,robertsantos@gamestop.com,endpoints.csv,QA_V1,properties.csv,QA_M2,pdp_get_product.sql,databases.csv,QA_Catalog,chrome,TRUE,FALSE,FALSE,,FALSE,FALSE,GiftCard|GiftCertificate|GiftCard,75|Other|50,2,150
checkout27,MGS,Checkout,%QAAUTOMATION_SCRIPTS%\GameStopRespMobile\spec\UI\mgs_checkout_spec.rb   --browser chrome,GS Mobile Checkout Digital Product Purchase using Valid GC as Auth User,gsui_20140606_140620_430@qagsecomprod.oib.com,T3sting1,devices.csv,Apple iPhone 5,,,,1,"EC,E,E10,T,M,RP,None",1,Digital,"A,PR",1,1,NULL,"85996,85998,85997",,,,,,,,,,TRUE,,,,,,6364913881999910000,6395,Accept,Tester,625 Westport Pkwy,,Grapevine,,Texas,76051,United States of America,8174242000,gsui_20140606_140620_430@qagsecomprod.oib.com,625 Westport Pkwy,,Grapevine,,Texas,76051,United States of America,8174242000,gsui_20140606_140620_431@qagsecomprod.oib.com,endpoints.csv,QA_V1,properties.csv,QA_M2,pdp_get_product.sql,databases.csv,QA_Catalog,chrome,TRUE,FALSE,FALSE,,FALSE,FALSE,,,,
checkout28,MGS,Checkout,%QAAUTOMATION_SCRIPTS%\GameStopRespMobile\spec\UI\mgs_checkout_spec.rb   --browser chrome,GS Mobile Checkout Physical Product Purchase using Valid CC as Auth User login through checkout,gsui_20140606_140624_403@qagsecomprod.oib.com,T3sting1,devices.csv,Apple iPhone 6,,,,1,"EC,E,E10,T,M,RP,None",1,"New,Used","A,PR",1,1,NULL,"85996,85998,85997",,,,,,,,,,TRUE,Visa,4111111111111110,12,2016,121,,,Accept,Tester,625 Westport Pkwy,,Grapevine,,Texas,76051,United States of America,8174242000,robertsantos@gamestop.com,625 Westport Pkwy,,Grapevine,,Texas,76051,United States of America,8174242000,robertsantos@gamestop.com,endpoints.csv,QA_V1,properties.csv,QA_M2,pdp_get_product.sql,databases.csv,QA_Catalog,chrome,TRUE,FALSE,FALSE,,FALSE,FALSE,,,,
checkout29,MGS,Checkout,%QAAUTOMATION_SCRIPTS%\GameStopRespMobile\spec\UI\mgs_checkout_spec.rb   --browser chrome,GS Mobile Checkout Physical Product Purchase using Valid CC as Auth User Address Saved in profile,gsui_20140606_140626_656@qagsecomprod.oib.com,T3sting1,devices.csv,Samsung Galaxy Note,,,,1,"EC,E,E10,T,M,RP,None",1,"New,Used","A,PR",1,1,NULL,"85996,85998,85997",,,,,,,,,,TRUE,Visa,4111111111111110,12,2016,121,,,Accept,Tester,625 Westport Pkwy,,Grapevine,,Texas,76051,United States of America,8174242000,robertsantos@gamestop.com,625 Westport Pkwy,,Grapevine,,Texas,76051,United States of America,8174242000,robertsantos@gamestop.com,endpoints.csv,QA_V1,properties.csv,QA_M2,pdp_get_product.sql,databases.csv,QA_Catalog,chrome,TRUE,FALSE,FALSE,,FALSE,FALSE,,,,
checkout30,MGS,Checkout,%QAAUTOMATION_SCRIPTS%\GameStopRespMobile\spec\UI\mgs_checkout_spec.rb   --browser chrome,GS Mobile Checkout Modify Billing Address under Payment Page as Auth User,gsui_20140606_140629_230@qagsecomprod.oib.com,T3sting1,devices.csv,Samsung Galaxy Note 3,,,,1,"EC,E,E10,T,M,RP,None",1,"New,Used","A,PR",1,1,NULL,"85996,85998,85997",,,,,,,,,,TRUE,Visa,4111111111111110,12,2016,121,,,Accept,Tester,625 Westport Pkwy,,Grapevine,,Texas,76051,United States of America,8174242000,robertsantos@gamestop.com,625 Westport Pkwy,,Grapevine,,Texas,76051,United States of America,8174242000,robertsantos@gamestop.com,endpoints.csv,QA_V1,properties.csv,QA_M2,pdp_get_product.sql,databases.csv,QA_Catalog,chrome,TRUE,FALSE,FALSE,,FALSE,FALSE,,,,
checkout31,MGS,Checkout,%QAAUTOMATION_SCRIPTS%\GameStopRespMobile\spec\UI\mgs_checkout_spec.rb   --browser chrome,GS Mobile Checkout Optional Gift Msg Field should Accept under 50 Characters as Auth User,gsui_20140606_140631_282@qagsecomprod.oib.com,T3sting1,devices.csv,Samsung Galaxy Note 2,,,,1,"EC,E,E10,T,M,RP,None",1,"New,Used","A,PR",1,1,NULL,"85996,85998,85997",,,,,,,,,,TRUE,Visa,4111111111111110,12,2016,121,,,Accept,Tester,625 Westport Pkwy,,Grapevine,,Texas,76051,United States of America,8174242000,robertsantos@gamestop.com,625 Westport Pkwy,,Grapevine,,Texas,76051,United States of America,8174242000,robertsantos@gamestop.com,endpoints.csv,QA_V1,properties.csv,QA_M2,pdp_get_product.sql,databases.csv,QA_Catalog,chrome,TRUE,FALSE,FALSE,,FALSE,FALSE,,,,
checkout32,MGS,Checkout,%QAAUTOMATION_SCRIPTS%\GameStopRespMobile\spec\UI\mgs_checkout_spec.rb   --browser chrome,GS Mobile Checkout Optional Gift Msg Field should Accept 50 Characters as Auth User,gsui_20140606_140633_715@qagsecomprod.oib.com,T3sting1,devices.csv,Apple iPhone 5,,,,1,"EC,E,E10,T,M,RP,None",1,"New,Used","A,PR",1,1,NULL,"85996,85998,85997",,,,,,,,,,TRUE,Visa,4111111111111110,12,2016,121,,,Accept,Tester,625 Westport Pkwy,,Grapevine,,Texas,76051,United States of America,8174242000,robertsantos@gamestop.com,625 Westport Pkwy,,Grapevine,,Texas,76051,United States of America,8174242000,robertsantos@gamestop.com,endpoints.csv,QA_V1,properties.csv,QA_M2,pdp_get_product.sql,databases.csv,QA_Catalog,chrome,TRUE,FALSE,FALSE,,FALSE,FALSE,,,,
checkout33,MGS,Checkout,%QAAUTOMATION_SCRIPTS%\GameStopRespMobile\spec\UI\mgs_checkout_spec.rb   --browser chrome,GS Mobile Checkout Optional Gift Msg Field should Not Accept over 50 Char as Auth User,gsui_20140606_140635_873@qagsecomprod.oib.com,T3sting1,devices.csv,Apple iPhone 6,,,,1,"EC,E,E10,T,M,RP,None",1,"New,Used","A,PR",1,1,NULL,"85996,85998,85997",,,,,,,,,,TRUE,Visa,4111111111111110,12,2016,121,,,Accept,Tester,625 Westport Pkwy,,Grapevine,,Texas,76051,United States of America,8174242000,robertsantos@gamestop.com,625 Westport Pkwy,,Grapevine,,Texas,76051,United States of America,8174242000,robertsantos@gamestop.com,endpoints.csv,QA_V1,properties.csv,QA_M2,pdp_get_product.sql,databases.csv,QA_Catalog,chrome,TRUE,FALSE,FALSE,,FALSE,FALSE,,,,
checkout34,MGS,Checkout,%QAAUTOMATION_SCRIPTS%\GameStopRespMobile\spec\UI\mgs_checkout_spec.rb   --browser chrome,GS Mobile Checkout Physical Product Purchase using Valid GC(full payment) as Auth User,gsui_20140606_140638_286@qagsecomprod.oib.com,T3sting1,devices.csv,Samsung Galaxy Note,,,,1,"EC,E,E10,T,M,RP,None",1,"New,Used","A,PR",1,1,NULL,"85996,85998,85997",,,,,,,,,,TRUE,,,,,,6364913881999910000,6395,Accept,Tester,625 Westport Pkwy,,Grapevine,,Texas,76051,United States of America,8174242000,robertsantos@gamestop.com,625 Westport Pkwy,,Grapevine,,Texas,76051,United States of America,8174242000,robertsantos@gamestop.com,endpoints.csv,QA_V1,properties.csv,QA_M2,pdp_get_product.sql,databases.csv,QA_Catalog,chrome,TRUE,FALSE,FALSE,,FALSE,FALSE,,,,
checkout35,MGS,Checkout,%QAAUTOMATION_SCRIPTS%\GameStopRespMobile\spec\UI\mgs_checkout_spec.rb   --browser chrome,GS Mobile Checkout Physical Product Purchase as Employee Order using Valid CC as Auth User,gsui_20140606_140650_264@qagsecomprod.oib.com,T3sting1,devices.csv,Apple iPhone 6,,,,1,"EC,E,E10,T,M,RP,None",1,"New,Used","A,PR",1,1,NULL,"85996,85998,85997",,,,,,,,,,TRUE,Visa,4111111111111110,12,2016,121,,,Accept,Tester,625 Westport Pkwy,,Grapevine,,Texas,76051,United States of America,8174242000,robertsantos@gamestop.com,625 Westport Pkwy,,Grapevine,,Texas,76051,United States of America,8174242000,robertsantos@gamestop.com,endpoints.csv,QA_V1,properties.csv,QA_M2,pdp_get_product.sql,databases.csv,QA_Catalog,chrome,TRUE,FALSE,FALSE,,FALSE,FALSE,,,,
checkout36,MGS,Checkout,%QAAUTOMATION_SCRIPTS%\GameStopRespMobile\spec\UI\mgs_checkout_spec.rb   --browser chrome,GS Mobile Checkout Physical Product Purchase using Valid CC as Auth User,gsui_20140606_140724_737@qagsecomprod.oib.com,T3sting1,devices.csv,Samsung Galaxy Note 2,,,,1,"EC,E,E10,T,M,RP,None",1,"New,Used","A,PR",1,1,NULL,"85996,85998,85997",,,,,,,,,,TRUE,Visa,4111111111111110,12,2016,121,,,Accept,Tester,625 Westport Pkwy,,Grapevine,,Texas,76051,United States of America,8174242000,robertsantos@gamestop.com,625 Westport Pkwy,,Grapevine,,Texas,76051,United States of America,8174242000,robertsantos@gamestop.com,endpoints.csv,QA_V1,properties.csv,QA_M2,pdp_get_product.sql,databases.csv,QA_Catalog,chrome,TRUE,FALSE,FALSE,,FALSE,FALSE,,,,
checkout37,MGS,Checkout,%QAAUTOMATION_SCRIPTS%\GameStopRespMobile\spec\UI\mgs_checkout_spec.rb   --browser chrome,GS Mobile Checkout Digital Product Purchase using Valid CC as Auth User,gsui_20140606_140726_853@qagsecomprod.oib.com,T3sting1,devices.csv,Apple iPhone 5,,,,1,"EC,E,E10,T,M,RP,None",1,Digital,"A,PR",1,1,NULL,"85996,85998,85997",,,,,,,,,,TRUE,Visa,4111111111111110,12,2016,121,,,Accept,Tester,625 Westport Pkwy,,Grapevine,,Texas,76051,United States of America,8174242000,robertsantos@gamestop.com,625 Westport Pkwy,,Grapevine,,Texas,76051,United States of America,8174242000,robertsantos@gamestop.com,endpoints.csv,QA_V1,properties.csv,QA_M2,pdp_get_product.sql,databases.csv,QA_Catalog,chrome,TRUE,FALSE,FALSE,,FALSE,FALSE,,,,
checkout38,MGS,Checkout,%QAAUTOMATION_SCRIPTS%\GameStopRespMobile\spec\UI\mgs_checkout_spec.rb   --browser chrome,GS Mobile Checkout PreOrder Product Purchase using Valid CC Shipped as Auth User,gsui_20140606_140830_184@qagsecomprod.oib.com,T3sting1,devices.csv,Apple iPhone 6,,,,1,"EC,E,E10,T,M,RP,None",1,"New,Used",PR,1,1,NULL,"85996,85998,85997",,,,,,,,,,TRUE,Visa,4111111111111110,12,2016,121,,,Accept,Tester,625 Westport Pkwy,,Grapevine,,Texas,76051,United States of America,8174242000,robertsantos@gamestop.com,625 Westport Pkwy,,Grapevine,,Texas,76051,United States of America,8174242000,robertsantos@gamestop.com,endpoints.csv,QA_V1,properties.csv,QA_M2,pdp_get_product.sql,databases.csv,QA_Catalog,chrome,TRUE,FALSE,FALSE,,FALSE,FALSE,,,,
checkout39,MGS,ISPU,%QAAUTOMATION_SCRIPTS%\GameStopRespMobile\spec\UI\mgs_checkout_ISPU_spec.rb   --browser chrome,GS Mobile Checkout PreOrder Product Purchase using Valid CC Store Pickup as Auth User,gsui_20140606_140650_264@qagsecomprod.oib.com,T3sting1,devices.csv,Apple iPhone 6,,,170855,1,,,,,,,,,,,,,,,,,,TRUE,Visa,4111111111111110,12,2016,121,,,Accept,Tester,625 Westport Pkwy,,Grapevine,,Texas,76051,United States of America,8174242000,robertsantos@gamestop.com,625 Westport Pkwy,,Grapevine,,Texas,76051,United States of America,8174242000,robertsantos@gamestop.com,endpoints.csv,QA_V1,properties.csv,QA_M2,pdp_get_product_by_sku.sql,databases.csv,QA_Catalog,chrome,TRUE,FALSE,FALSE,,FALSE,FALSE,,,,
checkout40,MGS,ISPU,%QAAUTOMATION_SCRIPTS%\GameStopRespMobile\spec\UI\mgs_checkout_ISPU_spec.rb   --browser chrome,GS Mobile Checkout PreOrder Product Purchase using Valid CC  Store Pickup as Guest,,,devices.csv,Apple iPhone 6,,,170855,1,,,,,,,,,,,,,,,,,,TRUE,Visa,4111111111111110,12,2016,121,,,Accept,Tester,625 Westport Pkwy,,Grapevine,,Texas,76051,United States of America,8174242000,robertsantos@gamestop.com,625 Westport Pkwy,,Grapevine,,Texas,76051,United States of America,8174242000,robertsantos@gamestop.com,endpoints.csv,QA_V1,properties.csv,QA_M2,pdp_get_product_by_sku.sql,databases.csv,QA_Catalog,chrome,TRUE,FALSE,FALSE,,FALSE,FALSE,,,,
checkout41,MGS,Paypal,%QAAUTOMATION_SCRIPTS%\GameStopMobile\spec\UI\GSmobile_auth_user_checkout_spec.rb  --browser chrome,MGS Use Paypal On Cart And Checkout Physical Product as AuthUser,gsui_20140606_140724_737@qagsecomprod.oib.com,T3sting1,devices.csv,Samsung Galaxy Note 2,,,,1,"EC,E,E10,T,M,RP,None",1,"New,Used","A,PR",1,1,NULL,"85996,85998,85997",,,,,,,,,,TRUE,Visa,4111111111111110,12,2016,121,,,Accept,Tester,625 Westport Pkwy,,Grapevine,,Texas,76051,United States of America,8174242000,robertsantos@gamestop.com,625 Westport Pkwy,,Grapevine,,Texas,76051,United States of America,8174242000,robertsantos@gamestop.com,endpoints.csv,QA_V1,properties.csv,QA_M2,pdp_get_product.sql,databases.csv,QA_Catalog,chrome,TRUE,FALSE,FALSE,,TRUE,FALSE,,,,
checkout42,MGS,Paypal,%QAAUTOMATION_SCRIPTS%\GameStopMobile\spec\UI\GSmobile_auth_user_checkout_spec.rb  --browser chrome,MGS Use Paypal On Cart And Checkout Digital Product as AuthUser,gsui_20140606_140726_853@qagsecomprod.oib.com,T3sting1,devices.csv,Apple iPhone 5,,,,1,"EC,E,E10,T,M,RP,None",1,Digital,"A,PR",1,1,NULL,"85996,85998,85997",,,,,,,,,,TRUE,Visa,4111111111111110,12,2016,121,,,Accept,Tester,625 Westport Pkwy,,Grapevine,,Texas,76051,United States of America,8174242000,robertsantos@gamestop.com,625 Westport Pkwy,,Grapevine,,Texas,76051,United States of America,8174242000,robertsantos@gamestop.com,endpoints.csv,QA_V1,properties.csv,QA_M2,pdp_get_product.sql,databases.csv,QA_Catalog,chrome,TRUE,FALSE,FALSE,,TRUE,FALSE,,,,
checkout43,MGS,Paypal,%QAAUTOMATION_SCRIPTS%\GameStopMobile\spec\UI\GSmobile_auth_user_checkout_spec.rb  --browser chrome,MGS Use Paypal On Payment And Checkout Physical Product as AuthUser,gsui_20140606_140830_184@qagsecomprod.oib.com,T3sting1,devices.csv,Apple iPhone 6,,,,1,"EC,E,E10,T,M,RP,None",1,"New,Used","A,PR",1,1,NULL,"85996,85998,85997",,,,,,,,,,TRUE,Visa,4111111111111110,12,2016,121,,,Accept,Tester,625 Westport Pkwy,,Grapevine,,Texas,76051,United States of America,8174242000,robertsantos@gamestop.com,625 Westport Pkwy,,Grapevine,,Texas,76051,United States of America,8174242000,robertsantos@gamestop.com,endpoints.csv,QA_V1,properties.csv,QA_M2,pdp_get_product.sql,databases.csv,QA_Catalog,chrome,TRUE,FALSE,FALSE,,FALSE,TRUE,,,,
checkout44,MGS,Paypal,%QAAUTOMATION_SCRIPTS%\GameStopMobile\spec\UI\GSmobile_auth_user_checkout_spec.rb  --browser chrome,MGS Use Paypal On Payment And Checkout Digital Product as AuthUser,gsui_20140606_140650_264@qagsecomprod.oib.com,T3sting1,devices.csv,Apple iPhone 6,,,,1,"EC,E,E10,T,M,RP,None",1,Digital,"A,PR",1,1,NULL,"85996,85998,85997",,,,,,,,,,TRUE,Visa,4111111111111110,12,2016,121,,,Accept,Tester,625 Westport Pkwy,,Grapevine,,Texas,76051,United States of America,8174242000,robertsantos@gamestop.com,625 Westport Pkwy,,Grapevine,,Texas,76051,United States of America,8174242000,robertsantos@gamestop.com,endpoints.csv,QA_V1,properties.csv,QA_M2,pdp_get_product.sql,databases.csv,QA_Catalog,chrome,TRUE,FALSE,FALSE,,FALSE,TRUE,,,,
checkout45,MGS,Paypal,%QAAUTOMATION_SCRIPTS%\GameStopMobile\spec\UI\GSmobile_guest_checkout_spec.rb   --browser chrome,MGS Use Paypal On Cart And Checkout Physical Product as Guest,,,devices.csv,Samsung Galaxy Note 2,,,,1,"EC,E,E10,T,M,RP,None",1,"New,Used","A,PR",1,1,NULL,"85996,85998,85997",,,,,,,,,,TRUE,Visa,4111111111111110,12,2016,121,,,Accept,Tester,625 Westport Pkwy,,Grapevine,,Texas,76051,United States of America,8174242000,robertsantos@gamestop.com,625 Westport Pkwy,,Grapevine,,Texas,76051,United States of America,8174242000,robertsantos@gamestop.com,endpoints.csv,QA_V1,properties.csv,QA_M2,pdp_get_product.sql,databases.csv,QA_Catalog,chrome,TRUE,FALSE,FALSE,,TRUE,FALSE,,,,
checkout46,MGS,Paypal,%QAAUTOMATION_SCRIPTS%\GameStopMobile\spec\UI\GSmobile_guest_checkout_spec.rb   --browser chrome,MGS Use Paypal On Cart And Checkout Digital Product as Guest,,,devices.csv,Apple iPhone 5,,,,1,"EC,E,E10,T,M,RP,None",1,Digital,"A,PR",1,1,NULL,"85996,85998,85997",,,,,,,,,,TRUE,Visa,4111111111111110,12,2016,121,,,Accept,Tester,625 Westport Pkwy,,Grapevine,,Texas,76051,United States of America,8174242000,robertsantos@gamestop.com,625 Westport Pkwy,,Grapevine,,Texas,76051,United States of America,8174242000,robertsantos@gamestop.com,endpoints.csv,QA_V1,properties.csv,QA_M2,pdp_get_product.sql,databases.csv,QA_Catalog,chrome,TRUE,FALSE,FALSE,,TRUE,FALSE,,,,
checkout47,MGS,Paypal,%QAAUTOMATION_SCRIPTS%\GameStopMobile\spec\UI\GSmobile_guest_checkout_spec.rb   --browser chrome,MGS Use Paypal On Payment And Checkout Physical Product as Guest,,,devices.csv,Apple iPhone 6,,,,1,"EC,E,E10,T,M,RP,None",1,"New,Used","A,PR",1,1,NULL,"85996,85998,85997",,,,,,,,,,TRUE,Visa,4111111111111110,12,2016,121,,,Accept,Tester,625 Westport Pkwy,,Grapevine,,Texas,76051,United States of America,8174242000,robertsantos@gamestop.com,625 Westport Pkwy,,Grapevine,,Texas,76051,United States of America,8174242000,robertsantos@gamestop.com,endpoints.csv,QA_V1,properties.csv,QA_M2,pdp_get_product.sql,databases.csv,QA_Catalog,chrome,TRUE,FALSE,FALSE,,FALSE,TRUE,,,,
checkout48,MGS,Paypal,%QAAUTOMATION_SCRIPTS%\GameStopMobile\spec\UI\GSmobile_guest_checkout_spec.rb   --browser chrome,MGS Use Paypal On Payment And Checkout Digital Product as Guest,,,devices.csv,Apple iPhone 6,,,,1,"EC,E,E10,T,M,RP,None",1,Digital,"A,PR",1,1,NULL,"85996,85998,85997",,,,,,,,,,TRUE,Visa,4111111111111110,12,2016,121,,,Accept,Tester,625 Westport Pkwy,,Grapevine,,Texas,76051,United States of America,8174242000,robertsantos@gamestop.com,625 Westport Pkwy,,Grapevine,,Texas,76051,United States of America,8174242000,robertsantos@gamestop.com,endpoints.csv,QA_V1,properties.csv,QA_M2,pdp_get_product.sql,databases.csv,QA_Catalog,chrome,TRUE,FALSE,FALSE,,FALSE,TRUE,,,,
header001,MGS,Browse,%QAAUTOMATION_SCRIPTS%\GameStopRespMobile\spec\UI\mgs_headers_spec.rb   --browser chrome,Recommendations Tablet Headers Validation,mgs_frame01@gs.com,T3sting1,devices.csv,Apple iPad 3 / 4,,The Wind Walker,20497,1,,,,,,,,,,,,,,,,,,FALSE,Visa,4111111111111110,12,2016,121,,,Accept,Tester,625 Westport Pkwy,,Grapevine,,Texas,76051,United States of America,8174242000,robertsantos@gamestop.com,625 Westport Pkwy,,Grapevine,,Texas,76051,United States of America,8174242000,robertsantos@gamestop.com,endpoints.csv,QA_V1,properties.csv,QA5_M2,pdp_get_product_by_sku.sql,databases.csv,QA_Catalog,chrome,,,,,,,,,,
header002,MGS,Browse,%QAAUTOMATION_SCRIPTS%\GameStopRespMobile\spec\UI\mgs_headers_spec.rb   --browser chrome,Recommendations Tablet Headers Validation,,,devices.csv,Apple iPad 3 / 4,,The Wind Walker,20497,1,,,,,,,,,,,,,,,,,,FALSE,Visa,4111111111111110,12,2016,121,,,Accept,Tester,625 Westport Pkwy,,Grapevine,,Texas,76051,United States of America,8174242000,robertsantos@gamestop.com,625 Westport Pkwy,,Grapevine,,Texas,76051,United States of America,8174242000,robertsantos@gamestop.com,endpoints.csv,QA_V1,properties.csv,QA5_M2,pdp_get_product_by_sku.sql,databases.csv,QA_Catalog,chrome,,,,,,,,,,
header003,MGS,Browse,%QAAUTOMATION_SCRIPTS%\GameStopRespMobile\spec\UI\mgs_headers_spec.rb   --browser chrome,Recommendations Phone Headers Validation,mgs_frame01@gs.com,T3sting1,devices.csv,Apple iPhone 6,,The Wind Walker,20497,1,,,,,,,,,,,,,,,,,,FALSE,Visa,4111111111111110,12,2016,121,,,Accept,Tester,625 Westport Pkwy,,Grapevine,,Texas,76051,United States of America,8174242000,robertsantos@gamestop.com,625 Westport Pkwy,,Grapevine,,Texas,76051,United States of America,8174242000,robertsantos@gamestop.com,endpoints.csv,QA_V1,properties.csv,QA5_M2,pdp_get_product_by_sku.sql,databases.csv,QA_Catalog,chrome,,,,,,,,,,
header004,MGS,Browse,%QAAUTOMATION_SCRIPTS%\GameStopRespMobile\spec\UI\mgs_headers_spec.rb   --browser chrome,Recommendations Phone Headers Validation,,,devices.csv,Apple iPhone 6,,The Wind Walker,20497,1,,,,,,,,,,,,,,,,,,FALSE,Visa,4111111111111110,12,2016,121,,,Accept,Tester,625 Westport Pkwy,,Grapevine,,Texas,76051,United States of America,8174242000,robertsantos@gamestop.com,625 Westport Pkwy,,Grapevine,,Texas,76051,United States of America,8174242000,robertsantos@gamestop.com,endpoints.csv,QA_V1,properties.csv,QA5_M2,pdp_get_product_by_sku.sql,databases.csv,QA_Catalog,chrome,,,,,,,,,,
header005,MGS,Browse,%QAAUTOMATION_SCRIPTS%\GameStopRespMobile\spec\UI\mgs_headers_spec.rb   --browser chrome,Dummy for error testing,,,devices.csv,Motorola Droid Razr HD,,The Wind Walker,20497,1,,,,,,,,,,,,,,,,,,FALSE,Visa,4111111111111110,12,2016,121,,,Accept,Tester,625 Westport Pkwy,,Grapevine,,Texas,76051,United States of America,8174242000,robertsantos@gamestop.com,625 Westport Pkwy,,Grapevine,,Texas,76051,United States of America,8174242000,robertsantos@gamestop.com,endpoints.csv,QA_V1,properties.csv,QA5_M2,pdp_get_product_by_sku.sql,databases.csv,QA_Catalog,chrome,,,,,,,,,,
TFS19319A,MGS,Browse,%QAAUTOMATION_SCRIPTS%\GameStopRespMobile\spec\UI\mgs_cart_display_spec.rb   --browser chrome,Recommendations Phone Cart Display Validation,,,devices.csv,Apple iPad 3 / 4,,Disney,20497,1,,,,,,,,,,,,,,,,,,FALSE,Visa,4111111111111110,12,2016,121,,,Accept,Tester,625 Westport Pkwy,,Grapevine,,Texas,76051,United States of America,8174242000,robertsantos@gamestop.com,625 Westport Pkwy,,Grapevine,,Texas,76051,United States of America,8174242000,robertsantos@gamestop.com,endpoints.csv,QA_V1,properties.csv,QA5_M2,pdp_get_product_by_sku.sql,databases.csv,QA_Catalog,chrome,,,,,,,,,,
TFS19319B,MGS,Browse,%QAAUTOMATION_SCRIPTS%\GameStopRespMobile\spec\UI\mgs_cart_display_spec.rb   --browser chrome,Recommendations Phone Cart Display Validation,,,devices.csv,Apple iPhone 6,,Disney,20497,1,,,,,,,,,,,,,,,,,,FALSE,Visa,4111111111111110,12,2016,121,,,Accept,Tester,625 Westport Pkwy,,Grapevine,,Texas,76051,United States of America,8174242000,robertsantos@gamestop.com,625 Westport Pkwy,,Grapevine,,Texas,76051,United States of America,8174242000,robertsantos@gamestop.com,endpoints.csv,QA_V1,properties.csv,QA5_M2,pdp_get_product_by_sku.sql,databases.csv,QA_Catalog,chrome,,,,,,,,,,
Age001,MGS,Browse,%QAAUTOMATION_SCRIPTS%\GameStopRespMobile\spec\UI\mgs_age_gate_spec.rb   --browser chrome,Recommendations Tablet Headers Validation,gsui_20140606_140724_737@qagsecomprod.oib.com,T3sting1,devices.csv,Apple iPad 3 / 4,,mortal,20497,1,,,,,,,,,,,,,,,,,,FALSE,Visa,4111111111111110,12,2016,121,,,Accept,Tester,625 Westport Pkwy,,Grapevine,,Texas,76051,United States of America,8174242000,robertsantos@gamestop.com,625 Westport Pkwy,,Grapevine,,Texas,76051,United States of America,8174242000,robertsantos@gamestop.com,endpoints.csv,QA_V1,properties.csv,QA5_M2,pdp_get_product_by_sku.sql,databases.csv,QA_Catalog,chrome,,,,,,,,,,
Age002,MGS,Browse,%QAAUTOMATION_SCRIPTS%\GameStopRespMobile\spec\UI\mgs_age_gate_spec.rb   --browser chrome,Recommendations Tablet Headers Validation,,,devices.csv,Apple iPad 3 / 4,,mortal,20497,1,,,,,,,,,,,,,,,,,,FALSE,Visa,4111111111111110,12,2016,121,,,Accept,Tester,625 Westport Pkwy,,Grapevine,,Texas,76051,United States of America,8174242000,robertsantos@gamestop.com,625 Westport Pkwy,,Grapevine,,Texas,76051,United States of America,8174242000,robertsantos@gamestop.com,endpoints.csv,QA_V1,properties.csv,QA5_M2,pdp_get_product_by_sku.sql,databases.csv,QA_Catalog,chrome,,,,,,,,,,
Age003,MGS,Browse,%QAAUTOMATION_SCRIPTS%\GameStopRespMobile\spec\UI\mgs_age_gate_spec.rb   --browser chrome,Recommendations Phone Headers Validation,gsui_20140606_140724_737@qagsecomprod.oib.com,T3sting1,devices.csv,Apple iPhone 6,,mortal,20497,1,,,,,,,,,,,,,,,,,,FALSE,Visa,4111111111111110,12,2016,121,,,Accept,Tester,625 Westport Pkwy,,Grapevine,,Texas,76051,United States of America,8174242000,robertsantos@gamestop.com,625 Westport Pkwy,,Grapevine,,Texas,76051,United States of America,8174242000,robertsantos@gamestop.com,endpoints.csv,QA_V1,properties.csv,QA5_M2,pdp_get_product_by_sku.sql,databases.csv,QA_Catalog,chrome,,,,,,,,,,
Age004,MGS,Browse,%QAAUTOMATION_SCRIPTS%\GameStopRespMobile\spec\UI\mgs_age_gate_spec.rb   --browser chrome,Recommendations Phone Headers Validation,,,devices.csv,Apple iPhone 6,,mortal,20497,1,,,,,,,,,,,,,,,,,,FALSE,Visa,4111111111111110,12,2016,121,,,Accept,Tester,625 Westport Pkwy,,Grapevine,,Texas,76051,United States of America,8174242000,robertsantos@gamestop.com,625 Westport Pkwy,,Grapevine,,Texas,76051,United States of America,8174242000,robertsantos@gamestop.com,endpoints.csv,QA_V1,properties.csv,QA5_M2,pdp_get_product_by_sku.sql,databases.csv,QA_Catalog,chrome,,,,,,,,,,
